0	U0000	スタート	
0	CMN.CMNT	CMNT コメント	
1	U0001	グラフィック表示	
1	CMN.ENB	ENB 実行可否	0
1	CMN.CMNT	CMNT コメント	
1	CMN.PUID	PUID 位置補正元ユニットID	_UNDEFINED_
1	CMN.IIMG	IIMG 画像変数	&Cam1Img
1	CMN.RIMG	RIMG 登録画像No.	0
1	CMN.UVR	UVR 登録画像No.変数参照	0
1	GRPH[0].CNT	CNT 個数	1
1	GRPH[0].DCXY	DCXY 中心XY	$Img_center[0]
1	GRPH[0].DCX	DCX 中心X	$Img_center[0].X
1	GRPH[0].DCY	DCY 中心Y	$Img_center[0].Y
1	GRPH[0].W1	W1 幅1	9600
1	GRPH[0].W2	W2 幅2	0
1	GRPH[0].T	T 回転角度	0
1	GRPH[0].ZM	ZM ズーム連動	0
1	GRPH[0].JGSP	JGSP 表示タイプ	0
1	GRPH[0].OFXY	OFXY 表示位置オフセットXY	
1	GRPH[0].OFX	OFX 表示位置オフセットX	0
1	GRPH[0].OFY	OFY 表示位置オフセットY	0
1	GRPH[0].RCXY	RCXY 表示位置回転中心XY	
1	GRPH[0].RCX	RCX 表示位置回転中心X	0
1	GRPH[0].RCY	RCY 表示位置回転中心Y	0
1	GRPH[0].RCT	RCT 表示位置回転角度	0
2	U0002	グラフィック表示	
2	CMN.ENB	ENB 実行可否	0
2	CMN.CMNT	CMNT コメント	
2	CMN.PUID	PUID 位置補正元ユニットID	_UNDEFINED_
2	CMN.IIMG	IIMG 画像変数	&Cam2Img
2	CMN.RIMG	RIMG 登録画像No.	0
2	CMN.UVR	UVR 登録画像No.変数参照	0
2	GRPH[0].CNT	CNT 個数	1
2	GRPH[0].DCXY	DCXY 中心XY	$Img_center[1]
2	GRPH[0].DCX	DCX 中心X	$Img_center[1].X
2	GRPH[0].DCY	DCY 中心Y	$Img_center[1].Y
2	GRPH[0].W1	W1 幅1	9600
2	GRPH[0].W2	W2 幅2	0
2	GRPH[0].T	T 回転角度	0
2	GRPH[0].ZM	ZM ズーム連動	0
2	GRPH[0].JGSP	JGSP 表示タイプ	0
2	GRPH[0].OFXY	OFXY 表示位置オフセットXY	
2	GRPH[0].OFX	OFX 表示位置オフセットX	0
2	GRPH[0].OFY	OFY 表示位置オフセットY	0
2	GRPH[0].RCXY	RCXY 表示位置回転中心XY	
2	GRPH[0].RCX	RCX 表示位置回転中心X	0
2	GRPH[0].RCY	RCY 表示位置回転中心Y	0
2	GRPH[0].RCT	RCT 表示位置回転角度	0
3	U0003	MasterPos select	
3	CMN.CMNT	CMNT コメント	"↓RegMasterPos→CamCenter
"
4	U0004	合流	
4	CMN.CMNT	CMNT コメント	
5	U0005	撮像	
5	CMN.ENB	ENB 実行可否	0
5	CMN.CMNT	CMNT コメント	
5	CAM1.CM_EN	CM_EN 撮像有効	1
5	CAM1.SSPD	SSPD シャッタースピード	#SS[0]
5	CAM1.GN_S	GN_S カメラ感度	#Sensitive[0]
5	CAM1.GN_R_OT	GN_R_OT R全体オフセット	0
5	CAM1.GN_G_OT	GN_G_OT G全体オフセット	0
5	CAM1.GN_B_OT	GN_B_OT B全体オフセット	0
5	CAM1.GN_R_CF[0]	GN_R_CF[0] R区分別係数0	1
5	CAM1.GN_R_CF[1]	GN_R_CF[1] R区分別係数1	1
5	CAM1.GN_R_CF[2]	GN_R_CF[2] R区分別係数2	1
5	CAM1.GN_R_CF[3]	GN_R_CF[3] R区分別係数3	1
5	CAM1.GN_R_CF[4]	GN_R_CF[4] R区分別係数4	1
5	CAM1.GN_R_CF[5]	GN_R_CF[5] R区分別係数5	1
5	CAM1.GN_R_CF[6]	GN_R_CF[6] R区分別係数6	1
5	CAM1.GN_R_CF[7]	GN_R_CF[7] R区分別係数7	1
5	CAM1.GN_R_CF[8]	GN_R_CF[8] R区分別係数8	1
5	CAM1.GN_R_CF[9]	GN_R_CF[9] R区分別係数9	1
5	CAM1.GN_R_CF[10]	GN_R_CF[10] R区分別係数10	1
5	CAM1.GN_R_CF[11]	GN_R_CF[11] R区分別係数11	1
5	CAM1.GN_R_CF[12]	GN_R_CF[12] R区分別係数12	1
5	CAM1.GN_R_CF[13]	GN_R_CF[13] R区分別係数13	1
5	CAM1.GN_R_CF[14]	GN_R_CF[14] R区分別係数14	1
5	CAM1.GN_R_CF[15]	GN_R_CF[15] R区分別係数15	1
5	CAM1.GN_G_CF[0]	GN_G_CF[0] G区分別係数0	1
5	CAM1.GN_G_CF[1]	GN_G_CF[1] G区分別係数1	1
5	CAM1.GN_G_CF[2]	GN_G_CF[2] G区分別係数2	1
5	CAM1.GN_G_CF[3]	GN_G_CF[3] G区分別係数3	1
5	CAM1.GN_G_CF[4]	GN_G_CF[4] G区分別係数4	1
5	CAM1.GN_G_CF[5]	GN_G_CF[5] G区分別係数5	1
5	CAM1.GN_G_CF[6]	GN_G_CF[6] G区分別係数6	1
5	CAM1.GN_G_CF[7]	GN_G_CF[7] G区分別係数7	1
5	CAM1.GN_G_CF[8]	GN_G_CF[8] G区分別係数8	1
5	CAM1.GN_G_CF[9]	GN_G_CF[9] G区分別係数9	1
5	CAM1.GN_G_CF[10]	GN_G_CF[10] G区分別係数10	1
5	CAM1.GN_G_CF[11]	GN_G_CF[11] G区分別係数11	1
5	CAM1.GN_G_CF[12]	GN_G_CF[12] G区分別係数12	1
5	CAM1.GN_G_CF[13]	GN_G_CF[13] G区分別係数13	1
5	CAM1.GN_G_CF[14]	GN_G_CF[14] G区分別係数14	1
5	CAM1.GN_G_CF[15]	GN_G_CF[15] G区分別係数15	1
5	CAM1.GN_B_CF[0]	GN_B_CF[0] B区分別係数0	1
5	CAM1.GN_B_CF[1]	GN_B_CF[1] B区分別係数1	1
5	CAM1.GN_B_CF[2]	GN_B_CF[2] B区分別係数2	1
5	CAM1.GN_B_CF[3]	GN_B_CF[3] B区分別係数3	1
5	CAM1.GN_B_CF[4]	GN_B_CF[4] B区分別係数4	1
5	CAM1.GN_B_CF[5]	GN_B_CF[5] B区分別係数5	1
5	CAM1.GN_B_CF[6]	GN_B_CF[6] B区分別係数6	1
5	CAM1.GN_B_CF[7]	GN_B_CF[7] B区分別係数7	1
5	CAM1.GN_B_CF[8]	GN_B_CF[8] B区分別係数8	1
5	CAM1.GN_B_CF[9]	GN_B_CF[9] B区分別係数9	1
5	CAM1.GN_B_CF[10]	GN_B_CF[10] B区分別係数10	1
5	CAM1.GN_B_CF[11]	GN_B_CF[11] B区分別係数11	1
5	CAM1.GN_B_CF[12]	GN_B_CF[12] B区分別係数12	1
5	CAM1.GN_B_CF[13]	GN_B_CF[13] B区分別係数13	1
5	CAM1.GN_B_CF[14]	GN_B_CF[14] B区分別係数14	1
5	CAM1.GN_B_CF[15]	GN_B_CF[15] B区分別係数15	1
5	CAM1.WB_EN	WB_EN ホワイトバランス環境設定参照	0
5	CAM1.OIMG	OIMG 格納先画像変数	&Cam1Img
5	CAM1.OIMG_ARRAY[0]	OIMG_ARRAY[0] 格納先画像変数配列0	&Cam1Img
5	CAM1.SL_OT	SL_OT 開始ラインオフセット	0
5	CAM1.BCND	BCND 画像取得条件番号	0
5	CAM1.TID	TID トリガー選択	0
5	CAM1.TDLY	TDLY トリガーディレイ時間	0
5	CAM1.TDLYC	TDLYC トリガーディレイ(エンコーダー指定)	0
5	CAM1.HDR_EN	HDR_EN HDR有効	0
5	CAM2.CM_EN	CM_EN 撮像有効	1
5	CAM2.SSPD	SSPD シャッタースピード	#SS[1]
5	CAM2.GN_S	GN_S カメラ感度	#Sensitive[1]
5	CAM2.GN_R_OT	GN_R_OT R全体オフセット	0
5	CAM2.GN_G_OT	GN_G_OT G全体オフセット	0
5	CAM2.GN_B_OT	GN_B_OT B全体オフセット	0
5	CAM2.GN_R_CF[0]	GN_R_CF[0] R区分別係数0	1
5	CAM2.GN_R_CF[1]	GN_R_CF[1] R区分別係数1	1
5	CAM2.GN_R_CF[2]	GN_R_CF[2] R区分別係数2	1
5	CAM2.GN_R_CF[3]	GN_R_CF[3] R区分別係数3	1
5	CAM2.GN_R_CF[4]	GN_R_CF[4] R区分別係数4	1
5	CAM2.GN_R_CF[5]	GN_R_CF[5] R区分別係数5	1
5	CAM2.GN_R_CF[6]	GN_R_CF[6] R区分別係数6	1
5	CAM2.GN_R_CF[7]	GN_R_CF[7] R区分別係数7	1
5	CAM2.GN_R_CF[8]	GN_R_CF[8] R区分別係数8	1
5	CAM2.GN_R_CF[9]	GN_R_CF[9] R区分別係数9	1
5	CAM2.GN_R_CF[10]	GN_R_CF[10] R区分別係数10	1
5	CAM2.GN_R_CF[11]	GN_R_CF[11] R区分別係数11	1
5	CAM2.GN_R_CF[12]	GN_R_CF[12] R区分別係数12	1
5	CAM2.GN_R_CF[13]	GN_R_CF[13] R区分別係数13	1
5	CAM2.GN_R_CF[14]	GN_R_CF[14] R区分別係数14	1
5	CAM2.GN_R_CF[15]	GN_R_CF[15] R区分別係数15	1
5	CAM2.GN_G_CF[0]	GN_G_CF[0] G区分別係数0	1
5	CAM2.GN_G_CF[1]	GN_G_CF[1] G区分別係数1	1
5	CAM2.GN_G_CF[2]	GN_G_CF[2] G区分別係数2	1
5	CAM2.GN_G_CF[3]	GN_G_CF[3] G区分別係数3	1
5	CAM2.GN_G_CF[4]	GN_G_CF[4] G区分別係数4	1
5	CAM2.GN_G_CF[5]	GN_G_CF[5] G区分別係数5	1
5	CAM2.GN_G_CF[6]	GN_G_CF[6] G区分別係数6	1
5	CAM2.GN_G_CF[7]	GN_G_CF[7] G区分別係数7	1
5	CAM2.GN_G_CF[8]	GN_G_CF[8] G区分別係数8	1
5	CAM2.GN_G_CF[9]	GN_G_CF[9] G区分別係数9	1
5	CAM2.GN_G_CF[10]	GN_G_CF[10] G区分別係数10	1
5	CAM2.GN_G_CF[11]	GN_G_CF[11] G区分別係数11	1
5	CAM2.GN_G_CF[12]	GN_G_CF[12] G区分別係数12	1
5	CAM2.GN_G_CF[13]	GN_G_CF[13] G区分別係数13	1
5	CAM2.GN_G_CF[14]	GN_G_CF[14] G区分別係数14	1
5	CAM2.GN_G_CF[15]	GN_G_CF[15] G区分別係数15	1
5	CAM2.GN_B_CF[0]	GN_B_CF[0] B区分別係数0	1
5	CAM2.GN_B_CF[1]	GN_B_CF[1] B区分別係数1	1
5	CAM2.GN_B_CF[2]	GN_B_CF[2] B区分別係数2	1
5	CAM2.GN_B_CF[3]	GN_B_CF[3] B区分別係数3	1
5	CAM2.GN_B_CF[4]	GN_B_CF[4] B区分別係数4	1
5	CAM2.GN_B_CF[5]	GN_B_CF[5] B区分別係数5	1
5	CAM2.GN_B_CF[6]	GN_B_CF[6] B区分別係数6	1
5	CAM2.GN_B_CF[7]	GN_B_CF[7] B区分別係数7	1
5	CAM2.GN_B_CF[8]	GN_B_CF[8] B区分別係数8	1
5	CAM2.GN_B_CF[9]	GN_B_CF[9] B区分別係数9	1
5	CAM2.GN_B_CF[10]	GN_B_CF[10] B区分別係数10	1
5	CAM2.GN_B_CF[11]	GN_B_CF[11] B区分別係数11	1
5	CAM2.GN_B_CF[12]	GN_B_CF[12] B区分別係数12	1
5	CAM2.GN_B_CF[13]	GN_B_CF[13] B区分別係数13	1
5	CAM2.GN_B_CF[14]	GN_B_CF[14] B区分別係数14	1
5	CAM2.GN_B_CF[15]	GN_B_CF[15] B区分別係数15	1
5	CAM2.WB_EN	WB_EN ホワイトバランス環境設定参照	0
5	CAM2.OIMG	OIMG 格納先画像変数	&Cam2Img
5	CAM2.OIMG_ARRAY[0]	OIMG_ARRAY[0] 格納先画像変数配列0	&Cam2Img
5	CAM2.SL_OT	SL_OT 開始ラインオフセット	0
5	CAM2.BCND	BCND 画像取得条件番号	0
5	CAM2.TID	TID トリガー選択	0
5	CAM2.TDLY	TDLY トリガーディレイ時間	0
5	CAM2.TDLYC	TDLYC トリガーディレイ(エンコーダー指定)	0
5	CAM2.HDR_EN	HDR_EN HDR有効	0
5	CAM3.CM_EN	CM_EN 撮像有効	0
5	CAM3.SSPD	SSPD シャッタースピード	0.5
5	CAM3.GN_S	GN_S カメラ感度	5
5	CAM3.GN_R_OT	GN_R_OT R全体オフセット	0
5	CAM3.GN_G_OT	GN_G_OT G全体オフセット	0
5	CAM3.GN_B_OT	GN_B_OT B全体オフセット	0
5	CAM3.GN_R_CF[0]	GN_R_CF[0] R区分別係数0	1
5	CAM3.GN_R_CF[1]	GN_R_CF[1] R区分別係数1	1
5	CAM3.GN_R_CF[2]	GN_R_CF[2] R区分別係数2	1
5	CAM3.GN_R_CF[3]	GN_R_CF[3] R区分別係数3	1
5	CAM3.GN_R_CF[4]	GN_R_CF[4] R区分別係数4	1
5	CAM3.GN_R_CF[5]	GN_R_CF[5] R区分別係数5	1
5	CAM3.GN_R_CF[6]	GN_R_CF[6] R区分別係数6	1
5	CAM3.GN_R_CF[7]	GN_R_CF[7] R区分別係数7	1
5	CAM3.GN_R_CF[8]	GN_R_CF[8] R区分別係数8	1
5	CAM3.GN_R_CF[9]	GN_R_CF[9] R区分別係数9	1
5	CAM3.GN_R_CF[10]	GN_R_CF[10] R区分別係数10	1
5	CAM3.GN_R_CF[11]	GN_R_CF[11] R区分別係数11	1
5	CAM3.GN_R_CF[12]	GN_R_CF[12] R区分別係数12	1
5	CAM3.GN_R_CF[13]	GN_R_CF[13] R区分別係数13	1
5	CAM3.GN_R_CF[14]	GN_R_CF[14] R区分別係数14	1
5	CAM3.GN_R_CF[15]	GN_R_CF[15] R区分別係数15	1
5	CAM3.GN_G_CF[0]	GN_G_CF[0] G区分別係数0	1
5	CAM3.GN_G_CF[1]	GN_G_CF[1] G区分別係数1	1
5	CAM3.GN_G_CF[2]	GN_G_CF[2] G区分別係数2	1
5	CAM3.GN_G_CF[3]	GN_G_CF[3] G区分別係数3	1
5	CAM3.GN_G_CF[4]	GN_G_CF[4] G区分別係数4	1
5	CAM3.GN_G_CF[5]	GN_G_CF[5] G区分別係数5	1
5	CAM3.GN_G_CF[6]	GN_G_CF[6] G区分別係数6	1
5	CAM3.GN_G_CF[7]	GN_G_CF[7] G区分別係数7	1
5	CAM3.GN_G_CF[8]	GN_G_CF[8] G区分別係数8	1
5	CAM3.GN_G_CF[9]	GN_G_CF[9] G区分別係数9	1
5	CAM3.GN_G_CF[10]	GN_G_CF[10] G区分別係数10	1
5	CAM3.GN_G_CF[11]	GN_G_CF[11] G区分別係数11	1
5	CAM3.GN_G_CF[12]	GN_G_CF[12] G区分別係数12	1
5	CAM3.GN_G_CF[13]	GN_G_CF[13] G区分別係数13	1
5	CAM3.GN_G_CF[14]	GN_G_CF[14] G区分別係数14	1
5	CAM3.GN_G_CF[15]	GN_G_CF[15] G区分別係数15	1
5	CAM3.GN_B_CF[0]	GN_B_CF[0] B区分別係数0	1
5	CAM3.GN_B_CF[1]	GN_B_CF[1] B区分別係数1	1
5	CAM3.GN_B_CF[2]	GN_B_CF[2] B区分別係数2	1
5	CAM3.GN_B_CF[3]	GN_B_CF[3] B区分別係数3	1
5	CAM3.GN_B_CF[4]	GN_B_CF[4] B区分別係数4	1
5	CAM3.GN_B_CF[5]	GN_B_CF[5] B区分別係数5	1
5	CAM3.GN_B_CF[6]	GN_B_CF[6] B区分別係数6	1
5	CAM3.GN_B_CF[7]	GN_B_CF[7] B区分別係数7	1
5	CAM3.GN_B_CF[8]	GN_B_CF[8] B区分別係数8	1
5	CAM3.GN_B_CF[9]	GN_B_CF[9] B区分別係数9	1
5	CAM3.GN_B_CF[10]	GN_B_CF[10] B区分別係数10	1
5	CAM3.GN_B_CF[11]	GN_B_CF[11] B区分別係数11	1
5	CAM3.GN_B_CF[12]	GN_B_CF[12] B区分別係数12	1
5	CAM3.GN_B_CF[13]	GN_B_CF[13] B区分別係数13	1
5	CAM3.GN_B_CF[14]	GN_B_CF[14] B区分別係数14	1
5	CAM3.GN_B_CF[15]	GN_B_CF[15] B区分別係数15	1
5	CAM3.WB_EN	WB_EN ホワイトバランス環境設定参照	0
5	CAM3.OIMG	OIMG 格納先画像変数	&Cam3Img
5	CAM3.OIMG_ARRAY[0]	OIMG_ARRAY[0] 格納先画像変数配列0	&Cam3Img
5	CAM3.SL_OT	SL_OT 開始ラインオフセット	0
5	CAM3.BCND	BCND 画像取得条件番号	0
5	CAM3.TID	TID トリガー選択	0
5	CAM3.TDLY	TDLY トリガーディレイ時間	0
5	CAM3.TDLYC	TDLYC トリガーディレイ(エンコーダー指定)	0
5	CAM3.HDR_EN	HDR_EN HDR有効	0
5	CAM4.CM_EN	CM_EN 撮像有効	0
5	CAM4.SSPD	SSPD シャッタースピード	0.5
5	CAM4.GN_S	GN_S カメラ感度	5
5	CAM4.GN_R_OT	GN_R_OT R全体オフセット	0
5	CAM4.GN_G_OT	GN_G_OT G全体オフセット	0
5	CAM4.GN_B_OT	GN_B_OT B全体オフセット	0
5	CAM4.GN_R_CF[0]	GN_R_CF[0] R区分別係数0	1
5	CAM4.GN_R_CF[1]	GN_R_CF[1] R区分別係数1	1
5	CAM4.GN_R_CF[2]	GN_R_CF[2] R区分別係数2	1
5	CAM4.GN_R_CF[3]	GN_R_CF[3] R区分別係数3	1
5	CAM4.GN_R_CF[4]	GN_R_CF[4] R区分別係数4	1
5	CAM4.GN_R_CF[5]	GN_R_CF[5] R区分別係数5	1
5	CAM4.GN_R_CF[6]	GN_R_CF[6] R区分別係数6	1
5	CAM4.GN_R_CF[7]	GN_R_CF[7] R区分別係数7	1
5	CAM4.GN_R_CF[8]	GN_R_CF[8] R区分別係数8	1
5	CAM4.GN_R_CF[9]	GN_R_CF[9] R区分別係数9	1
5	CAM4.GN_R_CF[10]	GN_R_CF[10] R区分別係数10	1
5	CAM4.GN_R_CF[11]	GN_R_CF[11] R区分別係数11	1
5	CAM4.GN_R_CF[12]	GN_R_CF[12] R区分別係数12	1
5	CAM4.GN_R_CF[13]	GN_R_CF[13] R区分別係数13	1
5	CAM4.GN_R_CF[14]	GN_R_CF[14] R区分別係数14	1
5	CAM4.GN_R_CF[15]	GN_R_CF[15] R区分別係数15	1
5	CAM4.GN_G_CF[0]	GN_G_CF[0] G区分別係数0	1
5	CAM4.GN_G_CF[1]	GN_G_CF[1] G区分別係数1	1
5	CAM4.GN_G_CF[2]	GN_G_CF[2] G区分別係数2	1
5	CAM4.GN_G_CF[3]	GN_G_CF[3] G区分別係数3	1
5	CAM4.GN_G_CF[4]	GN_G_CF[4] G区分別係数4	1
5	CAM4.GN_G_CF[5]	GN_G_CF[5] G区分別係数5	1
5	CAM4.GN_G_CF[6]	GN_G_CF[6] G区分別係数6	1
5	CAM4.GN_G_CF[7]	GN_G_CF[7] G区分別係数7	1
5	CAM4.GN_G_CF[8]	GN_G_CF[8] G区分別係数8	1
5	CAM4.GN_G_CF[9]	GN_G_CF[9] G区分別係数9	1
5	CAM4.GN_G_CF[10]	GN_G_CF[10] G区分別係数10	1
5	CAM4.GN_G_CF[11]	GN_G_CF[11] G区分別係数11	1
5	CAM4.GN_G_CF[12]	GN_G_CF[12] G区分別係数12	1
5	CAM4.GN_G_CF[13]	GN_G_CF[13] G区分別係数13	1
5	CAM4.GN_G_CF[14]	GN_G_CF[14] G区分別係数14	1
5	CAM4.GN_G_CF[15]	GN_G_CF[15] G区分別係数15	1
5	CAM4.GN_B_CF[0]	GN_B_CF[0] B区分別係数0	1
5	CAM4.GN_B_CF[1]	GN_B_CF[1] B区分別係数1	1
5	CAM4.GN_B_CF[2]	GN_B_CF[2] B区分別係数2	1
5	CAM4.GN_B_CF[3]	GN_B_CF[3] B区分別係数3	1
5	CAM4.GN_B_CF[4]	GN_B_CF[4] B区分別係数4	1
5	CAM4.GN_B_CF[5]	GN_B_CF[5] B区分別係数5	1
5	CAM4.GN_B_CF[6]	GN_B_CF[6] B区分別係数6	1
5	CAM4.GN_B_CF[7]	GN_B_CF[7] B区分別係数7	1
5	CAM4.GN_B_CF[8]	GN_B_CF[8] B区分別係数8	1
5	CAM4.GN_B_CF[9]	GN_B_CF[9] B区分別係数9	1
5	CAM4.GN_B_CF[10]	GN_B_CF[10] B区分別係数10	1
5	CAM4.GN_B_CF[11]	GN_B_CF[11] B区分別係数11	1
5	CAM4.GN_B_CF[12]	GN_B_CF[12] B区分別係数12	1
5	CAM4.GN_B_CF[13]	GN_B_CF[13] B区分別係数13	1
5	CAM4.GN_B_CF[14]	GN_B_CF[14] B区分別係数14	1
5	CAM4.GN_B_CF[15]	GN_B_CF[15] B区分別係数15	1
5	CAM4.WB_EN	WB_EN ホワイトバランス環境設定参照	0
5	CAM4.OIMG	OIMG 格納先画像変数	&Cam4Img
5	CAM4.OIMG_ARRAY[0]	OIMG_ARRAY[0] 格納先画像変数配列0	&Cam4Img
5	CAM4.SL_OT	SL_OT 開始ラインオフセット	0
5	CAM4.BCND	BCND 画像取得条件番号	0
5	CAM4.TID	TID トリガー選択	0
5	CAM4.TDLY	TDLY トリガーディレイ時間	0
5	CAM4.TDLYC	TDLYC トリガーディレイ(エンコーダー指定)	0
5	CAM4.HDR_EN	HDR_EN HDR有効	0
5	DTL.WTRG	WTRG トリガー待ち	1
5	DTL.DISP	DISP 表示更新	#F_Live
5	DTL.BPRI[0]	BPRI[0] 画像取得優先度0	1
5	DTL.BPRI[1]	BPRI[1] 画像取得優先度1	1
5	DTL.BPRI[2]	BPRI[2] 画像取得優先度2	1
5	DTL.BPRI[3]	BPRI[3] 画像取得優先度3	1
5	FLASH1.FL_EN	FL_EN フラッシュ有効	0
5	FLASH1.CID	CID 対応カメラ	0
5	FLASH1.SOT	SOT 出力開始点	0
5	FLASH1.SOTC	SOTC 出力開始点(エンコーダー指定)	0
5	FLASH1.OTIM	OTIM 出力時間	100
5	FLASH1.SSS	SSS シャッタースピードと同期	0
5	FLASH2.FL_EN	FL_EN フラッシュ有効	0
5	FLASH2.CID	CID 対応カメラ	1
5	FLASH2.SOT	SOT 出力開始点	0
5	FLASH2.SOTC	SOTC 出力開始点(エンコーダー指定)	0
5	FLASH2.OTIM	OTIM 出力時間	100
5	FLASH2.SSS	SSS シャッタースピードと同期	0
5	FLASH3.FL_EN	FL_EN フラッシュ有効	0
5	FLASH3.CID	CID 対応カメラ	0
5	FLASH3.SOT	SOT 出力開始点	0
5	FLASH3.SOTC	SOTC 出力開始点(エンコーダー指定)	0
5	FLASH3.OTIM	OTIM 出力時間	100
5	FLASH3.SSS	SSS シャッタースピードと同期	0
5	FLASH4.FL_EN	FL_EN フラッシュ有効	0
5	FLASH4.CID	CID 対応カメラ	0
5	FLASH4.SOT	SOT 出力開始点	0
5	FLASH4.SOTC	SOTC 出力開始点(エンコーダー指定)	0
5	FLASH4.OTIM	OTIM 出力時間	100
5	FLASH4.SSS	SSS シャッタースピードと同期	0
5	FLASH5.FL_EN	FL_EN フラッシュ有効	0
5	FLASH5.CID	CID 対応カメラ	0
5	FLASH5.SOT	SOT 出力開始点	0
5	FLASH5.SOTC	SOTC 出力開始点(エンコーダー指定)	0
5	FLASH5.OTIM	OTIM 出力時間	100
5	FLASH5.SSS	SSS シャッタースピードと同期	0
5	FLASH6.FL_EN	FL_EN フラッシュ有効	0
5	FLASH6.CID	CID 対応カメラ	0
5	FLASH6.SOT	SOT 出力開始点	0
5	FLASH6.SOTC	SOTC 出力開始点(エンコーダー指定)	0
5	FLASH6.OTIM	OTIM 出力時間	100
5	FLASH6.SSS	SSS シャッタースピードと同期	0
5	FLASH7.FL_EN	FL_EN フラッシュ有効	0
5	FLASH7.CID	CID 対応カメラ	0
5	FLASH7.SOT	SOT 出力開始点	0
5	FLASH7.SOTC	SOTC 出力開始点(エンコーダー指定)	0
5	FLASH7.OTIM	OTIM 出力時間	100
5	FLASH7.SSS	SSS シャッタースピードと同期	0
5	FLASH8.FL_EN	FL_EN フラッシュ有効	0
5	FLASH8.CID	CID 対応カメラ	0
5	FLASH8.SOT	SOT 出力開始点	0
5	FLASH8.SOTC	SOTC 出力開始点(エンコーダー指定)	0
5	FLASH8.OTIM	OTIM 出力時間	100
5	FLASH8.SSS	SSS シャッタースピードと同期	0
5	FLASH9.FL_EN	FL_EN フラッシュ有効	0
5	FLASH9.CID	CID 対応カメラ	0
5	FLASH9.SOT	SOT 出力開始点	0
5	FLASH9.SOTC	SOTC 出力開始点(エンコーダー指定)	0
5	FLASH9.OTIM	OTIM 出力時間	100
5	FLASH9.SSS	SSS シャッタースピードと同期	0
5	FLASH10.FL_EN	FL_EN フラッシュ有効	0
5	FLASH10.CID	CID 対応カメラ	0
5	FLASH10.SOT	SOT 出力開始点	0
5	FLASH10.SOTC	SOTC 出力開始点(エンコーダー指定)	0
5	FLASH10.OTIM	OTIM 出力時間	100
5	FLASH10.SSS	SSS シャッタースピードと同期	0
5	FLASH11.FL_EN	FL_EN フラッシュ有効	0
5	FLASH11.CID	CID 対応カメラ	0
5	FLASH11.SOT	SOT 出力開始点	0
5	FLASH11.SOTC	SOTC 出力開始点(エンコーダー指定)	0
5	FLASH11.OTIM	OTIM 出力時間	100
5	FLASH11.SSS	SSS シャッタースピードと同期	0
5	FLASH12.FL_EN	FL_EN フラッシュ有効	0
5	FLASH12.CID	CID 対応カメラ	0
5	FLASH12.SOT	SOT 出力開始点	0
5	FLASH12.SOTC	SOTC 出力開始点(エンコーダー指定)	0
5	FLASH12.OTIM	OTIM 出力時間	100
5	FLASH12.SSS	SSS シャッタースピードと同期	0
5	FLASH13.FL_EN	FL_EN フラッシュ有効	1
5	FLASH13.CID	CID 対応カメラ	0
5	FLASH13.SOT	SOT 出力開始点	0
5	FLASH13.SOTC	SOTC 出力開始点(エンコーダー指定)	0
5	FLASH13.OTIM	OTIM 出力時間	0.1
5	FLASH13.SSS	SSS シャッタースピードと同期	1
5	FLASH14.FL_EN	FL_EN フラッシュ有効	0
5	FLASH14.CID	CID 対応カメラ	0
5	FLASH14.SOT	SOT 出力開始点	0
5	FLASH14.SOTC	SOTC 出力開始点(エンコーダー指定)	0
5	FLASH14.OTIM	OTIM 出力時間	100
5	FLASH14.SSS	SSS シャッタースピードと同期	0
5	FLASH15.FL_EN	FL_EN フラッシュ有効	0
5	FLASH15.CID	CID 対応カメラ	0
5	FLASH15.SOT	SOT 出力開始点	0
5	FLASH15.SOTC	SOTC 出力開始点(エンコーダー指定)	0
5	FLASH15.OTIM	OTIM 出力時間	100
5	FLASH15.SSS	SSS シャッタースピードと同期	0
5	FLASH16.FL_EN	FL_EN フラッシュ有効	0
5	FLASH16.CID	CID 対応カメラ	0
5	FLASH16.SOT	SOT 出力開始点	0
5	FLASH16.SOTC	SOTC 出力開始点(エンコーダー指定)	0
5	FLASH16.OTIM	OTIM 出力時間	100
5	FLASH16.SSS	SSS シャッタースピードと同期	0
5	LIGHT1.LT_EN	LT_EN 照明有効	0
5	LIGHT1.FLS	FLS 対応フラッシュ	0
5	LIGHT1.VLM	VLM 照明ボリューム	#LightVol_1[0]
5	LIGHT1.CONT	CONT 連続点灯モード	0
5	LIGHT2.LT_EN	LT_EN 照明有効	0
5	LIGHT2.FLS	FLS 対応フラッシュ	1
5	LIGHT2.VLM	VLM 照明ボリューム	#LightVol_1[1]
5	LIGHT2.CONT	CONT 連続点灯モード	0
5	LIGHT3.LT_EN	LT_EN 照明有効	0
5	LIGHT3.FLS	FLS 対応フラッシュ	0
5	LIGHT3.VLM	VLM 照明ボリューム	511
5	LIGHT3.CONT	CONT 連続点灯モード	0
5	LIGHT4.LT_EN	LT_EN 照明有効	0
5	LIGHT4.FLS	FLS 対応フラッシュ	0
5	LIGHT4.VLM	VLM 照明ボリューム	511
5	LIGHT4.CONT	CONT 連続点灯モード	0
5	LIGHT5.LT_EN	LT_EN 照明有効	0
5	LIGHT5.FLS	FLS 対応フラッシュ	0
5	LIGHT5.VLM	VLM 照明ボリューム	511
5	LIGHT5.CONT	CONT 連続点灯モード	0
5	LIGHT6.LT_EN	LT_EN 照明有効	0
5	LIGHT6.FLS	FLS 対応フラッシュ	0
5	LIGHT6.VLM	VLM 照明ボリューム	511
5	LIGHT6.CONT	CONT 連続点灯モード	0
5	LIGHT7.LT_EN	LT_EN 照明有効	0
5	LIGHT7.FLS	FLS 対応フラッシュ	0
5	LIGHT7.VLM	VLM 照明ボリューム	511
5	LIGHT7.CONT	CONT 連続点灯モード	0
5	LIGHT8.LT_EN	LT_EN 照明有効	0
5	LIGHT8.FLS	FLS 対応フラッシュ	0
5	LIGHT8.VLM	VLM 照明ボリューム	511
5	LIGHT8.CONT	CONT 連続点灯モード	0
5	LIGHT9.LT_EN	LT_EN 照明有効	0
5	LIGHT9.FLS	FLS 対応フラッシュ	0
5	LIGHT9.VLM	VLM 照明ボリューム	511
5	LIGHT9.CONT	CONT 連続点灯モード	0
5	LIGHT10.LT_EN	LT_EN 照明有効	0
5	LIGHT10.FLS	FLS 対応フラッシュ	0
5	LIGHT10.VLM	VLM 照明ボリューム	511
5	LIGHT10.CONT	CONT 連続点灯モード	0
5	LIGHT11.LT_EN	LT_EN 照明有効	0
5	LIGHT11.FLS	FLS 対応フラッシュ	0
5	LIGHT11.VLM	VLM 照明ボリューム	511
5	LIGHT11.CONT	CONT 連続点灯モード	0
5	LIGHT12.LT_EN	LT_EN 照明有効	0
5	LIGHT12.FLS	FLS 対応フラッシュ	0
5	LIGHT12.VLM	VLM 照明ボリューム	511
5	LIGHT12.CONT	CONT 連続点灯モード	0
5	LIGHT13.LT_EN	LT_EN 照明有効	0
5	LIGHT13.FLS	FLS 対応フラッシュ	0
5	LIGHT13.VLM	VLM 照明ボリューム	511
5	LIGHT13.CONT	CONT 連続点灯モード	0
5	LIGHT14.LT_EN	LT_EN 照明有効	0
5	LIGHT14.FLS	FLS 対応フラッシュ	0
5	LIGHT14.VLM	VLM 照明ボリューム	511
5	LIGHT14.CONT	CONT 連続点灯モード	0
5	LIGHT15.LT_EN	LT_EN 照明有効	0
5	LIGHT15.FLS	FLS 対応フラッシュ	0
5	LIGHT15.VLM	VLM 照明ボリューム	511
5	LIGHT15.CONT	CONT 連続点灯モード	0
5	LIGHT16.LT_EN	LT_EN 照明有効	0
5	LIGHT16.FLS	FLS 対応フラッシュ	0
5	LIGHT16.VLM	VLM 照明ボリューム	511
5	LIGHT16.CONT	CONT 連続点灯モード	0
6	U0006	Calculation→Else	
6	CMN.CMNT	CMNT コメント	"↓RegMasterPos＆Alignment&Coordinate unification
"
7	U0007	Calibrationデータ変換	
7	CMN.ENB	ENB 実行可否	0
7	CMN.CMNT	CMNT コメント	
8	U0008	↓ManualAlignment→ELSE	
8	CMN.CMNT	CMNT コメント	
9	U0009	↓Target→Object	
9	CMN.CMNT	CMNT コメント	
10	U0010	コマンド発行	
10	CMN.ENB	ENB 実行可否	0
10	CMN.CMNT	CMNT コメント	
11	U0011	■ShapeTrax3 Cam1■	
11	CMN.ENB	ENB 実行可否	0
11	CMN.CMNT	CMNT コメント	
11	CMN.PUID	PUID 位置補正元ユニットID	_UNDEFINED_
11	CMN.SCL	SCL スケーリング補正	0
11	CMN.IIMG	IIMG 画像変数	&Cam1Img
11	CMN.RIMG	RIMG 登録画像No.	40
11	CMN.UVR	UVR 登録画像No.変数参照	0
11	RGN.SHP	SHP 形状	1
11	RGN.LUXY	LUXY 左上XY	
11	RGN.LUX	LUX 左上X	4
11	RGN.LUY	LUY 左上Y	0
11	RGN.RDXY	RDXY 右下XY	
11	RGN.RDX	RDX 右下X	1597
11	RGN.RDY	RDY 右下Y	1196
11	RGN.MSK[0].SHP	SHP 形状	0
11	RGN.MSK[1].SHP	SHP 形状	0
11	RGN.MSK[2].SHP	SHP 形状	0
11	RGN.MSK[3].SHP	SHP 形状	0
11	RGN.IMG.IRGNEN	IRGNEN イメージ領域	0
11	PTRN.SHP	SHP 形状	1
11	PTRN.LUXY	LUXY 左上XY	
11	PTRN.LUX	LUX 左上X	1004
11	PTRN.LUY	LUY 左上Y	516
11	PTRN.RDXY	RDXY 右下XY	
11	PTRN.RDX	RDX 右下X	1289
11	PTRN.RDY	RDY 右下Y	690
11	PTRN.MSK[0].SHP	SHP 形状	0
11	PTRN.MSK[1].SHP	SHP 形状	0
11	PTRN.MSK[2].SHP	SHP 形状	0
11	PTRN.MSK[3].SHP	SHP 形状	0
11	CLREXT.WAY	WAY 抽出方法	-1
11	FLTR[0].FTYP	FTYP フィルター種別	0
11	FLTR[1].FTYP	FTYP フィルター種別	0
11	FLTR[2].FTYP	FTYP フィルター種別	0
11	FLTR[3].FTYP	FTYP フィルター種別	0
11	FLTR[4].FTYP	FTYP フィルター種別	0
11	FLTR[5].FTYP	FTYP フィルター種別	0
11	FLTR[6].FTYP	FTYP フィルター種別	0
11	FLTR[7].FTYP	FTYP フィルター種別	0
11	FLTR[8].FTYP	FTYP フィルター種別	0
11	FLTR[9].FTYP	FTYP フィルター種別	0
11	FLTR[10].FTYP	FTYP フィルター種別	0
11	FLTR[11].FTYP	FTYP フィルター種別	0
11	FLTR[12].FTYP	FTYP フィルター種別	0
11	DTL.UPIR	UPIR パターン画像変数指定	0
11	DTL.ARG:HL	ARG:HL 角度範囲：+方向	10
11	DTL.ARG:LL	ARG:LL 角度範囲：-方向	-10
11	DTL.SRG:HL	SRG:HL スケール範囲上限	1
11	DTL.SRG:LL	SRG:LL スケール範囲下限	1
11	DTL.MXN	MXN 検出個数	1
11	DTL.PRCM	PRCM 微細サーチ精度	0
11	DTL.ELARG	ELARG ゆがみ許容範囲	0
11	DTL.EXD	EXD 近傍排除距離	30
11	DTL.EXA	EXA 近傍排除角度範囲	30
11	DTL.EASAN	EASAN 近傍排除基準角度	1
11	DTL.EXS	EXS 近傍排除スケール	10
11	DTL.OR_EN	OR_EN 重なり排除	0
11	DTL.ORMD	ORMD 排除対象	0
11	DTL.ORAR	ORAR 重なり排除面積(%%)	30
11	DTL.DLV	DLV 相関値下限	20
11	DTL.LOD	LOD ラベル順序	11
11	DTL.STA	STA 基準角度	0
11	DTL.LGTYP	LGTYP グルーピング方法	0
11	DTL.LGLEN	LGLEN グルーピング範囲	20
11	DTL.FEK	FEK 濃淡反転	0
11	DTL.EDR	EDR 検出領域拡張	0
11	DTL.AFS_EN	AFS_EN 有効にする	0
11	DTL.AFS_RGN[0].SHP	SHP 形状	0
11	DTL.AFS_RGN[0].MSKEN	MSKEN マスク有効	0
11	DTL.AFS_RGN[1].SHP	SHP 形状	0
11	DTL.AFS_RGN[1].MSKEN	MSKEN マスク有効	0
11	DTL.AFS_RGN[2].SHP	SHP 形状	0
11	DTL.AFS_RGN[2].MSKEN	MSKEN マスク有効	0
11	DTL.AFS_RGN[3].SHP	SHP 形状	0
11	DTL.AFS_RGN[3].MSKEN	MSKEN マスク有効	0
11	DTL.AFS_RTC	AFS_RTC 回転中心の基準選択	0
11	DTL.AFS_XY	AFS_XY 回転中心オフセットXY	
11	DTL.AFS_X	AFS_X 回転中心オフセットX	0
11	DTL.AFS_Y	AFS_Y 回転中心オフセットY	0
11	DTL.QZ1M	QZ1M (条件1)条件を有効にする	0
11	DTL.QZ1_RGN[0].SHP	SHP 形状	0
11	DTL.QZ1_RGN[0].MSKEN	MSKEN マスク有効	0
11	DTL.QZ1_RGN[1].SHP	SHP 形状	0
11	DTL.QZ1_RGN[1].MSKEN	MSKEN マスク有効	0
11	DTL.QZ1_RGN[2].SHP	SHP 形状	0
11	DTL.QZ1_RGN[2].MSKEN	MSKEN マスク有効	0
11	DTL.QZ1_RGN[3].SHP	SHP 形状	0
11	DTL.QZ1_RGN[3].MSKEN	MSKEN マスク有効	0
11	DTL.QZ2M	QZ2M (条件2)条件を有効にする	0
11	DTL.QZ2_RGN[0].SHP	SHP 形状	0
11	DTL.QZ2_RGN[0].MSKEN	MSKEN マスク有効	0
11	DTL.QZ2_RGN[1].SHP	SHP 形状	0
11	DTL.QZ2_RGN[1].MSKEN	MSKEN マスク有効	0
11	DTL.QZ2_RGN[2].SHP	SHP 形状	0
11	DTL.QZ2_RGN[2].MSKEN	MSKEN マスク有効	0
11	DTL.QZ2_RGN[3].SHP	SHP 形状	0
11	DTL.QZ2_RGN[3].MSKEN	MSKEN マスク有効	0
11	DTL.QDS	QDS 全候補表示	1
11	DTL.QOV	QOV オーバーレイ表示	1
11	DTL.RRM	RRM サーチ感度	4
11	DTL.CFRR	CFRR 粗サーチ画像縮小度	4
11	DTL.CFRRG	CFRRG 粗サーチ特徴縮小度	4
11	DTL.FFRR	FFRR 微細サーチ画像縮小度	0
11	DTL.EFMD	EFMD 特徴抽出設定	1
11	DTL.RECLV	RECLV 登録粗特徴強度下限	30
11	DTL.REFLV	REFLV 登録微細特徴強度下限	30
11	DTL.IECLV	IECLV 入力粗特徴強度下限	30
11	DTL.IEFLV	IEFLV 入力微細特徴強度下限	30
11	DTL.MPDMD	MPDMD 特徴高密度化	4
11	DTL.STLAM	STLAM 広範囲サーチモード	0
11	DTL.OGX	OGX 原点座標X	0
11	DTL.OGY	OGY 原点座標Y	0
11	DTL.DTC	DTC 検出点オフセット基準選択	0
11	DTL.DTXY	DTXY 検出点オフセットXY	
11	DTL.DTX	DTX 検出点オフセットX	2
11	DTL.DTY	DTY 検出点オフセットY	-3
11	DTL.CRD	CRD 座標軸	0
11	DTL.LLB	LLB 判定ラベル	0
11	DTL.PHSM	PHSM 高速モード	1
11	DTL.TIO	TIO タイムアウト	5
11	DTL.MGM_EN	MGM_EN 特徴描画ツール	0
11	DTL.N:HL	N:HL 個数：上限	1
11	DTL.N:LL	N:LL 個数：下限	1
11	DTL.X:HL	X:HL 位置X：上限	_UNDEFINED_
11	DTL.X:LL	X:LL 位置X：下限	_UNDEFINED_
11	DTL.Y:HL	Y:HL 位置Y：上限	_UNDEFINED_
11	DTL.Y:LL	Y:LL 位置Y：下限	_UNDEFINED_
11	DTL.T:HL	T:HL 角度：上限	_UNDEFINED_
11	DTL.T:LL	T:LL 角度：下限	_UNDEFINED_
11	DTL.C:HL	C:HL 相関値：上限	_UNDEFINED_
11	DTL.C:LL	C:LL 相関値：下限	_UNDEFINED_
11	DTL.S:HL	S:HL スケール：上限	_UNDEFINED_
11	DTL.S:LL	S:LL スケール：下限	_UNDEFINED_
11	DTL.QZ1:HL	QZ1:HL 特徴画素数1：上限	_UNDEFINED_
11	DTL.QZ1:LL	QZ1:LL 特徴画素数1：下限	_UNDEFINED_
11	DTL.QZ2:HL	QZ2:HL 特徴画素数2：上限	_UNDEFINED_
11	DTL.QZ2:LL	QZ2:LL 特徴画素数2：下限	_UNDEFINED_
12	U0012	■ShapeTrax3 Cam2■	
12	CMN.ENB	ENB 実行可否	0
12	CMN.CMNT	CMNT コメント	
12	CMN.PUID	PUID 位置補正元ユニットID	_UNDEFINED_
12	CMN.SCL	SCL スケーリング補正	0
12	CMN.IIMG	IIMG 画像変数	&Cam2Img
12	CMN.RIMG	RIMG 登録画像No.	41
12	CMN.UVR	UVR 登録画像No.変数参照	0
12	RGN.SHP	SHP 形状	1
12	RGN.LUXY	LUXY 左上XY	
12	RGN.LUX	LUX 左上X	0
12	RGN.LUY	LUY 左上Y	0
12	RGN.RDXY	RDXY 右下XY	
12	RGN.RDX	RDX 右下X	1597
12	RGN.RDY	RDY 右下Y	1196
12	RGN.MSK[0].SHP	SHP 形状	0
12	RGN.MSK[1].SHP	SHP 形状	0
12	RGN.MSK[2].SHP	SHP 形状	0
12	RGN.MSK[3].SHP	SHP 形状	0
12	RGN.IMG.IRGNEN	IRGNEN イメージ領域	0
12	PTRN.SHP	SHP 形状	1
12	PTRN.LUXY	LUXY 左上XY	
12	PTRN.LUX	LUX 左上X	723
12	PTRN.LUY	LUY 左上Y	433
12	PTRN.RDXY	RDXY 右下XY	
12	PTRN.RDX	RDX 右下X	1040
12	PTRN.RDY	RDY 右下Y	669
12	PTRN.MSK[0].SHP	SHP 形状	0
12	PTRN.MSK[1].SHP	SHP 形状	0
12	PTRN.MSK[2].SHP	SHP 形状	0
12	PTRN.MSK[3].SHP	SHP 形状	0
12	CLREXT.WAY	WAY 抽出方法	-1
12	FLTR[0].FTYP	FTYP フィルター種別	0
12	FLTR[1].FTYP	FTYP フィルター種別	0
12	FLTR[2].FTYP	FTYP フィルター種別	0
12	FLTR[3].FTYP	FTYP フィルター種別	0
12	FLTR[4].FTYP	FTYP フィルター種別	0
12	FLTR[5].FTYP	FTYP フィルター種別	0
12	FLTR[6].FTYP	FTYP フィルター種別	0
12	FLTR[7].FTYP	FTYP フィルター種別	0
12	FLTR[8].FTYP	FTYP フィルター種別	0
12	FLTR[9].FTYP	FTYP フィルター種別	0
12	FLTR[10].FTYP	FTYP フィルター種別	0
12	FLTR[11].FTYP	FTYP フィルター種別	0
12	FLTR[12].FTYP	FTYP フィルター種別	0
12	DTL.UPIR	UPIR パターン画像変数指定	0
12	DTL.ARG:HL	ARG:HL 角度範囲：+方向	10
12	DTL.ARG:LL	ARG:LL 角度範囲：-方向	-10
12	DTL.SRG:HL	SRG:HL スケール範囲上限	1
12	DTL.SRG:LL	SRG:LL スケール範囲下限	1
12	DTL.MXN	MXN 検出個数	1
12	DTL.PRCM	PRCM 微細サーチ精度	1
12	DTL.ELARG	ELARG ゆがみ許容範囲	0
12	DTL.EXD	EXD 近傍排除距離	30
12	DTL.EXA	EXA 近傍排除角度範囲	30
12	DTL.EASAN	EASAN 近傍排除基準角度	1
12	DTL.EXS	EXS 近傍排除スケール	10
12	DTL.OR_EN	OR_EN 重なり排除	0
12	DTL.ORMD	ORMD 排除対象	0
12	DTL.ORAR	ORAR 重なり排除面積(%%)	30
12	DTL.DLV	DLV 相関値下限	30
12	DTL.LOD	LOD ラベル順序	11
12	DTL.STA	STA 基準角度	0
12	DTL.LGTYP	LGTYP グルーピング方法	0
12	DTL.LGLEN	LGLEN グルーピング範囲	20
12	DTL.FEK	FEK 濃淡反転	0
12	DTL.EDR	EDR 検出領域拡張	0
12	DTL.AFS_EN	AFS_EN 有効にする	0
12	DTL.AFS_RGN[0].SHP	SHP 形状	0
12	DTL.AFS_RGN[0].MSKEN	MSKEN マスク有効	0
12	DTL.AFS_RGN[1].SHP	SHP 形状	0
12	DTL.AFS_RGN[1].MSKEN	MSKEN マスク有効	0
12	DTL.AFS_RGN[2].SHP	SHP 形状	0
12	DTL.AFS_RGN[2].MSKEN	MSKEN マスク有効	0
12	DTL.AFS_RGN[3].SHP	SHP 形状	0
12	DTL.AFS_RGN[3].MSKEN	MSKEN マスク有効	0
12	DTL.AFS_RTC	AFS_RTC 回転中心の基準選択	0
12	DTL.AFS_XY	AFS_XY 回転中心オフセットXY	
12	DTL.AFS_X	AFS_X 回転中心オフセットX	0
12	DTL.AFS_Y	AFS_Y 回転中心オフセットY	0
12	DTL.QZ1M	QZ1M (条件1)条件を有効にする	0
12	DTL.QZ1_RGN[0].SHP	SHP 形状	0
12	DTL.QZ1_RGN[0].MSKEN	MSKEN マスク有効	0
12	DTL.QZ1_RGN[1].SHP	SHP 形状	0
12	DTL.QZ1_RGN[1].MSKEN	MSKEN マスク有効	0
12	DTL.QZ1_RGN[2].SHP	SHP 形状	0
12	DTL.QZ1_RGN[2].MSKEN	MSKEN マスク有効	0
12	DTL.QZ1_RGN[3].SHP	SHP 形状	0
12	DTL.QZ1_RGN[3].MSKEN	MSKEN マスク有効	0
12	DTL.QZ2M	QZ2M (条件2)条件を有効にする	0
12	DTL.QZ2_RGN[0].SHP	SHP 形状	0
12	DTL.QZ2_RGN[0].MSKEN	MSKEN マスク有効	0
12	DTL.QZ2_RGN[1].SHP	SHP 形状	0
12	DTL.QZ2_RGN[1].MSKEN	MSKEN マスク有効	0
12	DTL.QZ2_RGN[2].SHP	SHP 形状	0
12	DTL.QZ2_RGN[2].MSKEN	MSKEN マスク有効	0
12	DTL.QZ2_RGN[3].SHP	SHP 形状	0
12	DTL.QZ2_RGN[3].MSKEN	MSKEN マスク有効	0
12	DTL.QDS	QDS 全候補表示	1
12	DTL.QOV	QOV オーバーレイ表示	1
12	DTL.RRM	RRM サーチ感度	4
12	DTL.CFRR	CFRR 粗サーチ画像縮小度	4
12	DTL.CFRRG	CFRRG 粗サーチ特徴縮小度	4
12	DTL.FFRR	FFRR 微細サーチ画像縮小度	0
12	DTL.EFMD	EFMD 特徴抽出設定	1
12	DTL.RECLV	RECLV 登録粗特徴強度下限	30
12	DTL.REFLV	REFLV 登録微細特徴強度下限	30
12	DTL.IECLV	IECLV 入力粗特徴強度下限	30
12	DTL.IEFLV	IEFLV 入力微細特徴強度下限	30
12	DTL.MPDMD	MPDMD 特徴高密度化	4
12	DTL.STLAM	STLAM 広範囲サーチモード	0
12	DTL.OGX	OGX 原点座標X	0
12	DTL.OGY	OGY 原点座標Y	0
12	DTL.DTC	DTC 検出点オフセット基準選択	0
12	DTL.DTXY	DTXY 検出点オフセットXY	
12	DTL.DTX	DTX 検出点オフセットX	2
12	DTL.DTY	DTY 検出点オフセットY	-1
12	DTL.CRD	CRD 座標軸	0
12	DTL.LLB	LLB 判定ラベル	0
12	DTL.PHSM	PHSM 高速モード	1
12	DTL.TIO	TIO タイムアウト	5
12	DTL.MGM_EN	MGM_EN 特徴描画ツール	0
12	DTL.N:HL	N:HL 個数：上限	1
12	DTL.N:LL	N:LL 個数：下限	1
12	DTL.X:HL	X:HL 位置X：上限	_UNDEFINED_
12	DTL.X:LL	X:LL 位置X：下限	_UNDEFINED_
12	DTL.Y:HL	Y:HL 位置Y：上限	_UNDEFINED_
12	DTL.Y:LL	Y:LL 位置Y：下限	_UNDEFINED_
12	DTL.T:HL	T:HL 角度：上限	_UNDEFINED_
12	DTL.T:LL	T:LL 角度：下限	_UNDEFINED_
12	DTL.C:HL	C:HL 相関値：上限	_UNDEFINED_
12	DTL.C:LL	C:LL 相関値：下限	_UNDEFINED_
12	DTL.S:HL	S:HL スケール：上限	_UNDEFINED_
12	DTL.S:LL	S:LL スケール：下限	_UNDEFINED_
12	DTL.QZ1:HL	QZ1:HL 特徴画素数1：上限	_UNDEFINED_
12	DTL.QZ1:LL	QZ1:LL 特徴画素数1：下限	_UNDEFINED_
12	DTL.QZ2:HL	QZ2:HL 特徴画素数2：上限	_UNDEFINED_
12	DTL.QZ2:LL	QZ2:LL 特徴画素数2：下限	_UNDEFINED_
13	U0013	基準位置＝登録座標	
13	CMN.ENB	ENB 実行可否	0
13	CMN.CMNT	CMNT コメント	
14	U0014	基準位置＝CamCenter	
14	CMN.ENB	ENB 実行可否	0
14	CMN.CMNT	CMNT コメント	
15	U0015	Cam検出点・判定格納	
15	CMN.ENB	ENB 実行可否	0
15	CMN.CMNT	CMNT コメント	
16	U0016	コマンド発行	
16	CMN.ENB	ENB 実行可否	0
16	CMN.CMNT	CMNT コメント	
17	U0017	■ShapeTrax3 Cam1■	
17	CMN.ENB	ENB 実行可否	0
17	CMN.CMNT	CMNT コメント	
17	CMN.PUID	PUID 位置補正元ユニットID	_UNDEFINED_
17	CMN.SCL	SCL スケーリング補正	0
17	CMN.IIMG	IIMG 画像変数	&Cam1Img
17	CMN.RIMG	RIMG 登録画像No.	44
17	CMN.UVR	UVR 登録画像No.変数参照	0
17	RGN.SHP	SHP 形状	1
17	RGN.LUXY	LUXY 左上XY	
17	RGN.LUX	LUX 左上X	0
17	RGN.LUY	LUY 左上Y	0
17	RGN.RDXY	RDXY 右下XY	
17	RGN.RDX	RDX 右下X	1597
17	RGN.RDY	RDY 右下Y	1196
17	RGN.MSK[0].SHP	SHP 形状	0
17	RGN.MSK[1].SHP	SHP 形状	0
17	RGN.MSK[2].SHP	SHP 形状	0
17	RGN.MSK[3].SHP	SHP 形状	0
17	RGN.IMG.IRGNEN	IRGNEN イメージ領域	0
17	PTRN.SHP	SHP 形状	1
17	PTRN.LUXY	LUXY 左上XY	
17	PTRN.LUX	LUX 左上X	898
17	PTRN.LUY	LUY 左上Y	943
17	PTRN.RDXY	RDXY 右下XY	
17	PTRN.RDX	RDX 右下X	984
17	PTRN.RDY	RDY 右下Y	1167
17	PTRN.MSK[0].SHP	SHP 形状	0
17	PTRN.MSK[1].SHP	SHP 形状	0
17	PTRN.MSK[2].SHP	SHP 形状	0
17	PTRN.MSK[3].SHP	SHP 形状	0
17	CLREXT.WAY	WAY 抽出方法	-1
17	FLTR[0].FTYP	FTYP フィルター種別	0
17	FLTR[1].FTYP	FTYP フィルター種別	0
17	FLTR[2].FTYP	FTYP フィルター種別	0
17	FLTR[3].FTYP	FTYP フィルター種別	0
17	FLTR[4].FTYP	FTYP フィルター種別	0
17	FLTR[5].FTYP	FTYP フィルター種別	0
17	FLTR[6].FTYP	FTYP フィルター種別	0
17	FLTR[7].FTYP	FTYP フィルター種別	0
17	FLTR[8].FTYP	FTYP フィルター種別	0
17	FLTR[9].FTYP	FTYP フィルター種別	0
17	FLTR[10].FTYP	FTYP フィルター種別	0
17	FLTR[11].FTYP	FTYP フィルター種別	0
17	FLTR[12].FTYP	FTYP フィルター種別	0
17	DTL.UPIR	UPIR パターン画像変数指定	0
17	DTL.ARG:HL	ARG:HL 角度範囲：+方向	5
17	DTL.ARG:LL	ARG:LL 角度範囲：-方向	-5
17	DTL.SRG:HL	SRG:HL スケール範囲上限	1
17	DTL.SRG:LL	SRG:LL スケール範囲下限	1
17	DTL.MXN	MXN 検出個数	1
17	DTL.PRCM	PRCM 微細サーチ精度	0
17	DTL.ELARG	ELARG ゆがみ許容範囲	0
17	DTL.EXD	EXD 近傍排除距離	30
17	DTL.EXA	EXA 近傍排除角度範囲	30
17	DTL.EASAN	EASAN 近傍排除基準角度	1
17	DTL.EXS	EXS 近傍排除スケール	10
17	DTL.OR_EN	OR_EN 重なり排除	0
17	DTL.ORMD	ORMD 排除対象	0
17	DTL.ORAR	ORAR 重なり排除面積(%%)	30
17	DTL.DLV	DLV 相関値下限	50
17	DTL.LOD	LOD ラベル順序	11
17	DTL.STA	STA 基準角度	0
17	DTL.LGTYP	LGTYP グルーピング方法	0
17	DTL.LGLEN	LGLEN グルーピング範囲	20
17	DTL.FEK	FEK 濃淡反転	0
17	DTL.EDR	EDR 検出領域拡張	0
17	DTL.AFS_EN	AFS_EN 有効にする	0
17	DTL.AFS_RGN[0].SHP	SHP 形状	0
17	DTL.AFS_RGN[0].MSKEN	MSKEN マスク有効	0
17	DTL.AFS_RGN[1].SHP	SHP 形状	0
17	DTL.AFS_RGN[1].MSKEN	MSKEN マスク有効	0
17	DTL.AFS_RGN[2].SHP	SHP 形状	0
17	DTL.AFS_RGN[2].MSKEN	MSKEN マスク有効	0
17	DTL.AFS_RGN[3].SHP	SHP 形状	0
17	DTL.AFS_RGN[3].MSKEN	MSKEN マスク有効	0
17	DTL.AFS_RTC	AFS_RTC 回転中心の基準選択	0
17	DTL.AFS_XY	AFS_XY 回転中心オフセットXY	
17	DTL.AFS_X	AFS_X 回転中心オフセットX	0
17	DTL.AFS_Y	AFS_Y 回転中心オフセットY	0
17	DTL.QZ1M	QZ1M (条件1)条件を有効にする	0
17	DTL.QZ1_RGN[0].SHP	SHP 形状	0
17	DTL.QZ1_RGN[0].MSKEN	MSKEN マスク有効	0
17	DTL.QZ1_RGN[1].SHP	SHP 形状	0
17	DTL.QZ1_RGN[1].MSKEN	MSKEN マスク有効	0
17	DTL.QZ1_RGN[2].SHP	SHP 形状	0
17	DTL.QZ1_RGN[2].MSKEN	MSKEN マスク有効	0
17	DTL.QZ1_RGN[3].SHP	SHP 形状	0
17	DTL.QZ1_RGN[3].MSKEN	MSKEN マスク有効	0
17	DTL.QZ2M	QZ2M (条件2)条件を有効にする	0
17	DTL.QZ2_RGN[0].SHP	SHP 形状	0
17	DTL.QZ2_RGN[0].MSKEN	MSKEN マスク有効	0
17	DTL.QZ2_RGN[1].SHP	SHP 形状	0
17	DTL.QZ2_RGN[1].MSKEN	MSKEN マスク有効	0
17	DTL.QZ2_RGN[2].SHP	SHP 形状	0
17	DTL.QZ2_RGN[2].MSKEN	MSKEN マスク有効	0
17	DTL.QZ2_RGN[3].SHP	SHP 形状	0
17	DTL.QZ2_RGN[3].MSKEN	MSKEN マスク有効	0
17	DTL.QDS	QDS 全候補表示	1
17	DTL.QOV	QOV オーバーレイ表示	1
17	DTL.RRM	RRM サーチ感度	4
17	DTL.CFRR	CFRR 粗サーチ画像縮小度	4
17	DTL.CFRRG	CFRRG 粗サーチ特徴縮小度	4
17	DTL.FFRR	FFRR 微細サーチ画像縮小度	0
17	DTL.EFMD	EFMD 特徴抽出設定	2
17	DTL.RECLV	RECLV 登録粗特徴強度下限	30
17	DTL.REFLV	REFLV 登録微細特徴強度下限	30
17	DTL.IECLV	IECLV 入力粗特徴強度下限	30
17	DTL.IEFLV	IEFLV 入力微細特徴強度下限	30
17	DTL.MPDMD	MPDMD 特徴高密度化	4
17	DTL.STLAM	STLAM 広範囲サーチモード	0
17	DTL.OGX	OGX 原点座標X	0
17	DTL.OGY	OGY 原点座標Y	0
17	DTL.DTC	DTC 検出点オフセット基準選択	0
17	DTL.DTXY	DTXY 検出点オフセットXY	
17	DTL.DTX	DTX 検出点オフセットX	0
17	DTL.DTY	DTY 検出点オフセットY	0
17	DTL.CRD	CRD 座標軸	0
17	DTL.LLB	LLB 判定ラベル	0
17	DTL.PHSM	PHSM 高速モード	1
17	DTL.TIO	TIO タイムアウト	5
17	DTL.MGM_EN	MGM_EN 特徴描画ツール	0
17	DTL.N:HL	N:HL 個数：上限	1
17	DTL.N:LL	N:LL 個数：下限	1
17	DTL.X:HL	X:HL 位置X：上限	_UNDEFINED_
17	DTL.X:LL	X:LL 位置X：下限	_UNDEFINED_
17	DTL.Y:HL	Y:HL 位置Y：上限	_UNDEFINED_
17	DTL.Y:LL	Y:LL 位置Y：下限	_UNDEFINED_
17	DTL.T:HL	T:HL 角度：上限	_UNDEFINED_
17	DTL.T:LL	T:LL 角度：下限	_UNDEFINED_
17	DTL.C:HL	C:HL 相関値：上限	_UNDEFINED_
17	DTL.C:LL	C:LL 相関値：下限	_UNDEFINED_
17	DTL.S:HL	S:HL スケール：上限	_UNDEFINED_
17	DTL.S:LL	S:LL スケール：下限	_UNDEFINED_
17	DTL.QZ1:HL	QZ1:HL 特徴画素数1：上限	_UNDEFINED_
17	DTL.QZ1:LL	QZ1:LL 特徴画素数1：下限	_UNDEFINED_
17	DTL.QZ2:HL	QZ2:HL 特徴画素数2：上限	_UNDEFINED_
17	DTL.QZ2:LL	QZ2:LL 特徴画素数2：下限	_UNDEFINED_
18	U0018	■ShapeTrax3 Cam2■	
18	CMN.ENB	ENB 実行可否	0
18	CMN.CMNT	CMNT コメント	
18	CMN.PUID	PUID 位置補正元ユニットID	_UNDEFINED_
18	CMN.SCL	SCL スケーリング補正	0
18	CMN.IIMG	IIMG 画像変数	&Cam2Img
18	CMN.RIMG	RIMG 登録画像No.	45
18	CMN.UVR	UVR 登録画像No.変数参照	0
18	RGN.SHP	SHP 形状	1
18	RGN.LUXY	LUXY 左上XY	
18	RGN.LUX	LUX 左上X	6
18	RGN.LUY	LUY 左上Y	0
18	RGN.RDXY	RDXY 右下XY	
18	RGN.RDX	RDX 右下X	1592
18	RGN.RDY	RDY 右下Y	1197
18	RGN.MSK[0].SHP	SHP 形状	0
18	RGN.MSK[1].SHP	SHP 形状	0
18	RGN.MSK[2].SHP	SHP 形状	0
18	RGN.MSK[3].SHP	SHP 形状	0
18	RGN.IMG.IRGNEN	IRGNEN イメージ領域	0
18	PTRN.SHP	SHP 形状	1
18	PTRN.LUXY	LUXY 左上XY	
18	PTRN.LUX	LUX 左上X	616
18	PTRN.LUY	LUY 左上Y	721
18	PTRN.RDXY	RDXY 右下XY	
18	PTRN.RDX	RDX 右下X	1016
18	PTRN.RDY	RDY 右下Y	1031
18	PTRN.MSK[0].SHP	SHP 形状	0
18	PTRN.MSK[1].SHP	SHP 形状	0
18	PTRN.MSK[2].SHP	SHP 形状	0
18	PTRN.MSK[3].SHP	SHP 形状	0
18	CLREXT.WAY	WAY 抽出方法	-1
18	FLTR[0].FTYP	FTYP フィルター種別	1
18	FLTR[0].FKSZ	FKSZ サイズ	1
18	FLTR[0].FKSHP	FKSHP 処理形状	0
18	FLTR[0].PRD	PRD 処理方向	3
18	FLTR[0].PTMS	PTMS 回数	4
18	FLTR[0].CFR	CFR 領域外参照	0
18	FLTR[1].FTYP	FTYP フィルター種別	2
18	FLTR[1].FKSZ	FKSZ サイズ	1
18	FLTR[1].FKSHP	FKSHP 処理形状	0
18	FLTR[1].PRD	PRD 処理方向	3
18	FLTR[1].PTMS	PTMS 回数	4
18	FLTR[1].CFR	CFR 領域外参照	0
18	FLTR[2].FTYP	FTYP フィルター種別	17
18	FLTR[2].BIN:HL	BIN:HL 上限値	255
18	FLTR[2].BIN:LL	BIN:LL 下限値	48
18	FLTR[2].PTMS	PTMS 回数	1
18	FLTR[3].FTYP	FTYP フィルター種別	0
18	FLTR[4].FTYP	FTYP フィルター種別	0
18	FLTR[5].FTYP	FTYP フィルター種別	0
18	FLTR[6].FTYP	FTYP フィルター種別	0
18	FLTR[7].FTYP	FTYP フィルター種別	0
18	FLTR[8].FTYP	FTYP フィルター種別	0
18	FLTR[9].FTYP	FTYP フィルター種別	0
18	FLTR[10].FTYP	FTYP フィルター種別	0
18	FLTR[11].FTYP	FTYP フィルター種別	0
18	FLTR[12].FTYP	FTYP フィルター種別	0
18	DTL.UPIR	UPIR パターン画像変数指定	0
18	DTL.ARG:HL	ARG:HL 角度範囲：+方向	5
18	DTL.ARG:LL	ARG:LL 角度範囲：-方向	-5
18	DTL.SRG:HL	SRG:HL スケール範囲上限	1
18	DTL.SRG:LL	SRG:LL スケール範囲下限	1
18	DTL.MXN	MXN 検出個数	1
18	DTL.PRCM	PRCM 微細サーチ精度	1
18	DTL.ELARG	ELARG ゆがみ許容範囲	0
18	DTL.EXD	EXD 近傍排除距離	30
18	DTL.EXA	EXA 近傍排除角度範囲	30
18	DTL.EASAN	EASAN 近傍排除基準角度	1
18	DTL.EXS	EXS 近傍排除スケール	10
18	DTL.OR_EN	OR_EN 重なり排除	0
18	DTL.ORMD	ORMD 排除対象	0
18	DTL.ORAR	ORAR 重なり排除面積(%%)	30
18	DTL.DLV	DLV 相関値下限	20
18	DTL.LOD	LOD ラベル順序	11
18	DTL.STA	STA 基準角度	0
18	DTL.LGTYP	LGTYP グルーピング方法	0
18	DTL.LGLEN	LGLEN グルーピング範囲	20
18	DTL.FEK	FEK 濃淡反転	0
18	DTL.EDR	EDR 検出領域拡張	0
18	DTL.AFS_EN	AFS_EN 有効にする	0
18	DTL.AFS_RGN[0].SHP	SHP 形状	0
18	DTL.AFS_RGN[0].MSKEN	MSKEN マスク有効	0
18	DTL.AFS_RGN[1].SHP	SHP 形状	0
18	DTL.AFS_RGN[1].MSKEN	MSKEN マスク有効	0
18	DTL.AFS_RGN[2].SHP	SHP 形状	0
18	DTL.AFS_RGN[2].MSKEN	MSKEN マスク有効	0
18	DTL.AFS_RGN[3].SHP	SHP 形状	0
18	DTL.AFS_RGN[3].MSKEN	MSKEN マスク有効	0
18	DTL.AFS_RTC	AFS_RTC 回転中心の基準選択	0
18	DTL.AFS_XY	AFS_XY 回転中心オフセットXY	
18	DTL.AFS_X	AFS_X 回転中心オフセットX	0
18	DTL.AFS_Y	AFS_Y 回転中心オフセットY	0
18	DTL.QZ1M	QZ1M (条件1)条件を有効にする	0
18	DTL.QZ1_RGN[0].SHP	SHP 形状	0
18	DTL.QZ1_RGN[0].MSKEN	MSKEN マスク有効	0
18	DTL.QZ1_RGN[1].SHP	SHP 形状	0
18	DTL.QZ1_RGN[1].MSKEN	MSKEN マスク有効	0
18	DTL.QZ1_RGN[2].SHP	SHP 形状	0
18	DTL.QZ1_RGN[2].MSKEN	MSKEN マスク有効	0
18	DTL.QZ1_RGN[3].SHP	SHP 形状	0
18	DTL.QZ1_RGN[3].MSKEN	MSKEN マスク有効	0
18	DTL.QZ2M	QZ2M (条件2)条件を有効にする	0
18	DTL.QZ2_RGN[0].SHP	SHP 形状	0
18	DTL.QZ2_RGN[0].MSKEN	MSKEN マスク有効	0
18	DTL.QZ2_RGN[1].SHP	SHP 形状	0
18	DTL.QZ2_RGN[1].MSKEN	MSKEN マスク有効	0
18	DTL.QZ2_RGN[2].SHP	SHP 形状	0
18	DTL.QZ2_RGN[2].MSKEN	MSKEN マスク有効	0
18	DTL.QZ2_RGN[3].SHP	SHP 形状	0
18	DTL.QZ2_RGN[3].MSKEN	MSKEN マスク有効	0
18	DTL.QDS	QDS 全候補表示	1
18	DTL.QOV	QOV オーバーレイ表示	1
18	DTL.RRM	RRM サーチ感度	4
18	DTL.CFRR	CFRR 粗サーチ画像縮小度	4
18	DTL.CFRRG	CFRRG 粗サーチ特徴縮小度	4
18	DTL.FFRR	FFRR 微細サーチ画像縮小度	0
18	DTL.EFMD	EFMD 特徴抽出設定	1
18	DTL.RECLV	RECLV 登録粗特徴強度下限	30
18	DTL.REFLV	REFLV 登録微細特徴強度下限	30
18	DTL.IECLV	IECLV 入力粗特徴強度下限	30
18	DTL.IEFLV	IEFLV 入力微細特徴強度下限	30
18	DTL.MPDMD	MPDMD 特徴高密度化	4
18	DTL.STLAM	STLAM 広範囲サーチモード	0
18	DTL.OGX	OGX 原点座標X	0
18	DTL.OGY	OGY 原点座標Y	0
18	DTL.DTC	DTC 検出点オフセット基準選択	0
18	DTL.DTXY	DTXY 検出点オフセットXY	
18	DTL.DTX	DTX 検出点オフセットX	0
18	DTL.DTY	DTY 検出点オフセットY	0
18	DTL.CRD	CRD 座標軸	0
18	DTL.LLB	LLB 判定ラベル	0
18	DTL.PHSM	PHSM 高速モード	1
18	DTL.TIO	TIO タイムアウト	5
18	DTL.MGM_EN	MGM_EN 特徴描画ツール	0
18	DTL.N:HL	N:HL 個数：上限	1
18	DTL.N:LL	N:LL 個数：下限	1
18	DTL.X:HL	X:HL 位置X：上限	_UNDEFINED_
18	DTL.X:LL	X:LL 位置X：下限	_UNDEFINED_
18	DTL.Y:HL	Y:HL 位置Y：上限	_UNDEFINED_
18	DTL.Y:LL	Y:LL 位置Y：下限	_UNDEFINED_
18	DTL.T:HL	T:HL 角度：上限	_UNDEFINED_
18	DTL.T:LL	T:LL 角度：下限	_UNDEFINED_
18	DTL.C:HL	C:HL 相関値：上限	_UNDEFINED_
18	DTL.C:LL	C:LL 相関値：下限	_UNDEFINED_
18	DTL.S:HL	S:HL スケール：上限	_UNDEFINED_
18	DTL.S:LL	S:LL スケール：下限	_UNDEFINED_
18	DTL.QZ1:HL	QZ1:HL 特徴画素数1：上限	_UNDEFINED_
18	DTL.QZ1:LL	QZ1:LL 特徴画素数1：下限	_UNDEFINED_
18	DTL.QZ2:HL	QZ2:HL 特徴画素数2：上限	_UNDEFINED_
18	DTL.QZ2:LL	QZ2:LL 特徴画素数2：下限	_UNDEFINED_
19	U0019	位置補正	
19	CMN.ENB	ENB 実行可否	0
19	CMN.CMNT	CMNT コメント	
19	CMN.IIMG	IIMG 画像変数	&Cam1Img
19	DTL.PATYP	PATYP 位置補正モード	0
19	DTL.IPTYP	IPTYP 補間処理	0
19	DTL.DIND1	DIND1 参照先1点目 個別指定	0
19	DTL.DUID1	DUID1 参照先1点目 ユニットID	11
19	DTL.REFENB	REFENB 基準位置指定方法	1
19	DTL.RIND1	RIND1 基準位置1点目 個別指定	1
19	DTL.RX1	RX1 基準位置1点目 位置X	!U[0011].RSLT.PTSTX
19	DTL.RY1	RY1 基準位置1点目 位置Y	!U[0011].RSLT.PTSTY
19	DTL.RT1	RT1 基準位置1点目 角度	0
20	U0020	■トレンドエッジ検出1 Cam1■	
20	CMN.ENB	ENB 実行可否	#type_target_cam1
20	CMN.CMNT	CMNT コメント	
20	CMN.PUID	PUID 位置補正元ユニットID	19
20	CMN.SCL	SCL スケーリング補正	0
20	CMN.IIMG	IIMG 画像変数	&Cam1Img
20	CMN.RIMG	RIMG 登録画像No.	40
20	CMN.UVR	UVR 登録画像No.変数参照	0
20	RGN.SHP	SHP 形状	1
20	RGN.LUXY	LUXY 左上XY	
20	RGN.LUX	LUX 左上X	976
20	RGN.LUY	LUY 左上Y	579
20	RGN.RDXY	RDXY 右下XY	
20	RGN.RDX	RDX 右下X	1034
20	RGN.RDY	RDY 右下Y	759
20	RGN.MSK[0].SHP	SHP 形状	0
20	RGN.MSK[1].SHP	SHP 形状	0
20	RGN.MSK[2].SHP	SHP 形状	0
20	RGN.MSK[3].SHP	SHP 形状	0
20	CLREXT.WAY	WAY 抽出方法	-1
20	FLTR[0].FTYP	FTYP フィルター種別	0
20	FLTR[1].FTYP	FTYP フィルター種別	0
20	FLTR[2].FTYP	FTYP フィルター種別	0
20	FLTR[3].FTYP	FTYP フィルター種別	0
20	FLTR[4].FTYP	FTYP フィルター種別	0
20	FLTR[5].FTYP	FTYP フィルター種別	0
20	FLTR[6].FTYP	FTYP フィルター種別	0
20	FLTR[7].FTYP	FTYP フィルター種別	0
20	FLTR[8].FTYP	FTYP フィルター種別	0
20	FLTR[9].FTYP	FTYP フィルター種別	0
20	FLTR[10].FTYP	FTYP フィルター種別	0
20	FLTR[11].FTYP	FTYP フィルター種別	0
20	FLTR[12].FTYP	FTYP フィルター種別	0
20	DTL.TRD	TRD トレンド方向	7
20	DTL.PRD	PRD 検出方向	5
20	DTL.EGD	EGD エッジ方向	2
20	DTL.RID	RID 指定エッジ	0
20	DTL.SEN	SEN エッジ感度	30
20	DTL.FLW	FLW エッジフィルター幅	10
20	DTL.EI:HL	EI:HL エッジ強度上限	255
20	DTL.EI:LL	EI:LL エッジ強度下限	5
20	DTL.SGSR	SGSR セグメントサイズ	10
20	DTL.MVSR	MVSR 移動量	5
20	DTL.STOFR	STOFR 開始オフセット	0
20	DTL.LB	LB 判定ラベル種別	4
20	DTL.WPR	WPR 斜め安定フィルター	0
20	DTL.MXN	MXN 最大セグメント数	100
20	DTL.DEC	DEC 円/直線検出	2
20	DTL.REA	REA 変形補正	0
20	DTL.ASR	ASR 異常点乖離量許容値	5
20	DTL.ASL	ASL 異常点サイズ上限	25
20	DTL.OGX	OGX 原点座標X	0
20	DTL.OGY	OGY 原点座標Y	0
20	DTL.CRD	CRD 座標軸	0
20	DTL.OSM	OSM 領域外処理	0
20	DTL.DSGN:HL	DSGN:HL 検出セグメント数：上限	_UNDEFINED_
20	DTL.DSGN:LL	DSGN:LL 検出セグメント数：下限	_UNDEFINED_
20	DTL.XHI:HL	XHI:HL 位置X(最大)：上限	_UNDEFINED_
20	DTL.XHI:LL	XHI:LL 位置X(最大)：下限	_UNDEFINED_
20	DTL.XLO:HL	XLO:HL 位置X(最小)：上限	_UNDEFINED_
20	DTL.XLO:LL	XLO:LL 位置X(最小)：下限	_UNDEFINED_
20	DTL.X:HL	X:HL 位置X：上限	_UNDEFINED_
20	DTL.X:LL	X:LL 位置X：下限	_UNDEFINED_
21	U0021	Cam検出点・判定格納	
21	CMN.ENB	ENB 実行可否	0
21	CMN.CMNT	CMNT コメント	
22	U0022	合流	
22	CMN.CMNT	CMNT コメント	
23	U0023	ManualMode/Pos Reset	
23	CMN.ENB	ENB 実行可否	0
23	CMN.CMNT	CMNT コメント	
24	U0024	↓Cam1Manual	
24	CMN.CMNT	CMNT コメント	
25	U0025	ダイアログ条件待ち	
25	CMN.ENB	ENB 実行可否	0
25	CMN.CMNT	CMNT コメント	
26	U0026	Cam1ManualAlignment用	
26	CMN.ENB	ENB 実行可否	0
26	CMN.CMNT	CMNT コメント	
26	CMN.PUID	PUID 位置補正元ユニットID	_UNDEFINED_
26	CMN.SCL	SCL スケーリング補正	0
26	CMN.IIMG	IIMG 画像変数	&Cam1Img
26	CMN.RIMG	RIMG 登録画像No.	0
26	CMN.UVR	UVR 登録画像No.変数参照	0
26	RGN.SHP	SHP 形状	4
26	RGN.CXY	CXY 中心XY	#Manual_Pos[0]
26	RGN.CX	CX 中心X	#Manual_Pos[0].X
26	RGN.CY	CY 中心Y	#Manual_Pos[0].Y
26	RGN.CR	CR 半径	#Manual_size
26	RGN.MSK[0].SHP	SHP 形状	0
26	RGN.MSK[1].SHP	SHP 形状	0
26	RGN.MSK[2].SHP	SHP 形状	0
26	RGN.MSK[3].SHP	SHP 形状	0
26	RGN.IMG.IRGNEN	IRGNEN イメージ領域	0
26	CLREXT.WAY	WAY 抽出方法	-1
26	FLTR[0].FTYP	FTYP フィルター種別	0
26	FLTR[1].FTYP	FTYP フィルター種別	0
26	FLTR[2].FTYP	FTYP フィルター種別	0
26	FLTR[3].FTYP	FTYP フィルター種別	0
26	FLTR[4].FTYP	FTYP フィルター種別	0
26	FLTR[5].FTYP	FTYP フィルター種別	0
26	FLTR[6].FTYP	FTYP フィルター種別	0
26	FLTR[7].FTYP	FTYP フィルター種別	0
26	FLTR[8].FTYP	FTYP フィルター種別	0
26	FLTR[9].FTYP	FTYP フィルター種別	0
26	FLTR[10].FTYP	FTYP フィルター種別	0
26	FLTR[11].FTYP	FTYP フィルター種別	0
26	FLTR[12].FTYP	FTYP フィルター種別	0
26	DTL.OGX	OGX 原点座標X	0
26	DTL.OGY	OGY 原点座標Y	0
26	DTL.CRD	CRD 座標軸	0
26	DTL.DA:HL	DA:HL 濃度平均：上限	_UNDEFINED_
26	DTL.DA:LL	DA:LL 濃度平均：下限	_UNDEFINED_
26	DTL.DD:HL	DD:HL 濃度偏差：上限	_UNDEFINED_
26	DTL.DD:LL	DD:LL 濃度偏差：下限	_UNDEFINED_
26	DTL.D:HL	D:HL 濃度：上限	_UNDEFINED_
26	DTL.D:LL	D:LL 濃度：下限	_UNDEFINED_
27	U0027	Manual指定座標格納	
27	CMN.ENB	ENB 実行可否	0
27	CMN.CMNT	CMNT コメント	
28	U0028	ダイアログ条件待ち	
28	CMN.ENB	ENB 実行可否	0
28	CMN.CMNT	CMNT コメント	
29	U0029	Manual判定格納	
29	CMN.ENB	ENB 実行可否	0
29	CMN.CMNT	CMNT コメント	
30	U0030	合流	
30	CMN.CMNT	CMNT コメント	
31	U0031	↓Cam2Manual	
31	CMN.CMNT	CMNT コメント	
32	U0032	ダイアログ条件待ち	
32	CMN.ENB	ENB 実行可否	0
32	CMN.CMNT	CMNT コメント	
33	U0033	Cam2ManualAlignment用	
33	CMN.ENB	ENB 実行可否	0
33	CMN.CMNT	CMNT コメント	
33	CMN.PUID	PUID 位置補正元ユニットID	_UNDEFINED_
33	CMN.SCL	SCL スケーリング補正	0
33	CMN.IIMG	IIMG 画像変数	&Cam2Img
33	CMN.RIMG	RIMG 登録画像No.	0
33	CMN.UVR	UVR 登録画像No.変数参照	0
33	RGN.SHP	SHP 形状	4
33	RGN.CXY	CXY 中心XY	#Manual_Pos[1]
33	RGN.CX	CX 中心X	#Manual_Pos[1].X
33	RGN.CY	CY 中心Y	#Manual_Pos[1].Y
33	RGN.CR	CR 半径	#Manual_size
33	RGN.MSK[0].SHP	SHP 形状	0
33	RGN.MSK[1].SHP	SHP 形状	0
33	RGN.MSK[2].SHP	SHP 形状	0
33	RGN.MSK[3].SHP	SHP 形状	0
33	RGN.IMG.IRGNEN	IRGNEN イメージ領域	0
33	CLREXT.WAY	WAY 抽出方法	-1
33	FLTR[0].FTYP	FTYP フィルター種別	0
33	FLTR[1].FTYP	FTYP フィルター種別	0
33	FLTR[2].FTYP	FTYP フィルター種別	0
33	FLTR[3].FTYP	FTYP フィルター種別	0
33	FLTR[4].FTYP	FTYP フィルター種別	0
33	FLTR[5].FTYP	FTYP フィルター種別	0
33	FLTR[6].FTYP	FTYP フィルター種別	0
33	FLTR[7].FTYP	FTYP フィルター種別	0
33	FLTR[8].FTYP	FTYP フィルター種別	0
33	FLTR[9].FTYP	FTYP フィルター種別	0
33	FLTR[10].FTYP	FTYP フィルター種別	0
33	FLTR[11].FTYP	FTYP フィルター種別	0
33	FLTR[12].FTYP	FTYP フィルター種別	0
33	DTL.OGX	OGX 原点座標X	0
33	DTL.OGY	OGY 原点座標Y	0
33	DTL.CRD	CRD 座標軸	0
33	DTL.DA:HL	DA:HL 濃度平均：上限	_UNDEFINED_
33	DTL.DA:LL	DA:LL 濃度平均：下限	_UNDEFINED_
33	DTL.DD:HL	DD:HL 濃度偏差：上限	_UNDEFINED_
33	DTL.DD:LL	DD:LL 濃度偏差：下限	_UNDEFINED_
33	DTL.D:HL	D:HL 濃度：上限	_UNDEFINED_
33	DTL.D:LL	D:LL 濃度：下限	_UNDEFINED_
34	U0034	Manual指定座標格納	
34	CMN.ENB	ENB 実行可否	0
34	CMN.CMNT	CMNT コメント	
35	U0035	ダイアログ条件待ち	
35	CMN.ENB	ENB 実行可否	0
35	CMN.CMNT	CMNT コメント	
36	U0036	Manual判定格納	
36	CMN.ENB	ENB 実行可否	0
36	CMN.CMNT	CMNT コメント	
37	U0037	合流	
37	CMN.CMNT	CMNT コメント	
38	U0038	■トレンドエッジ検出2 Cam1■	
38	CMN.ENB	ENB 実行可否	#type_target_cam1
38	CMN.CMNT	CMNT コメント	
38	CMN.PUID	PUID 位置補正元ユニットID	19
38	CMN.SCL	SCL スケーリング補正	0
38	CMN.IIMG	IIMG 画像変数	&Cam1Img
38	CMN.RIMG	RIMG 登録画像No.	40
38	CMN.UVR	UVR 登録画像No.変数参照	0
38	RGN.SHP	SHP 形状	1
38	RGN.LUXY	LUXY 左上XY	
38	RGN.LUX	LUX 左上X	1137
38	RGN.LUY	LUY 左上Y	503
38	RGN.RDXY	RDXY 右下XY	
38	RGN.RDX	RDX 右下X	1400
38	RGN.RDY	RDY 右下Y	542
38	RGN.MSK[0].SHP	SHP 形状	0
38	RGN.MSK[1].SHP	SHP 形状	0
38	RGN.MSK[2].SHP	SHP 形状	0
38	RGN.MSK[3].SHP	SHP 形状	0
38	CLREXT.WAY	WAY 抽出方法	-1
38	FLTR[0].FTYP	FTYP フィルター種別	0
38	FLTR[1].FTYP	FTYP フィルター種別	0
38	FLTR[2].FTYP	FTYP フィルター種別	0
38	FLTR[3].FTYP	FTYP フィルター種別	0
38	FLTR[4].FTYP	FTYP フィルター種別	0
38	FLTR[5].FTYP	FTYP フィルター種別	0
38	FLTR[6].FTYP	FTYP フィルター種別	0
38	FLTR[7].FTYP	FTYP フィルター種別	0
38	FLTR[8].FTYP	FTYP フィルター種別	0
38	FLTR[9].FTYP	FTYP フィルター種別	0
38	FLTR[10].FTYP	FTYP フィルター種別	0
38	FLTR[11].FTYP	FTYP フィルター種別	0
38	FLTR[12].FTYP	FTYP フィルター種別	0
38	DTL.TRD	TRD トレンド方向	5
38	DTL.PRD	PRD 検出方向	7
38	DTL.EGD	EGD エッジ方向	2
38	DTL.RID	RID 指定エッジ	0
38	DTL.SEN	SEN エッジ感度	30
38	DTL.FLW	FLW エッジフィルター幅	5
38	DTL.EI:HL	EI:HL エッジ強度上限	255
38	DTL.EI:LL	EI:LL エッジ強度下限	5
38	DTL.SGSR	SGSR セグメントサイズ	10
38	DTL.MVSR	MVSR 移動量	5
38	DTL.STOFR	STOFR 開始オフセット	0
38	DTL.LB	LB 判定ラベル種別	4
38	DTL.WPR	WPR 斜め安定フィルター	0
38	DTL.MXN	MXN 最大セグメント数	100
38	DTL.DEC	DEC 円/直線検出	2
38	DTL.REA	REA 変形補正	0
38	DTL.ASR	ASR 異常点乖離量許容値	5
38	DTL.ASL	ASL 異常点サイズ上限	25
38	DTL.OGX	OGX 原点座標X	0
38	DTL.OGY	OGY 原点座標Y	0
38	DTL.CRD	CRD 座標軸	0
38	DTL.OSM	OSM 領域外処理	0
38	DTL.DSGN:HL	DSGN:HL 検出セグメント数：上限	_UNDEFINED_
38	DTL.DSGN:LL	DSGN:LL 検出セグメント数：下限	_UNDEFINED_
38	DTL.YHI:HL	YHI:HL 位置Y(最大)：上限	_UNDEFINED_
38	DTL.YHI:LL	YHI:LL 位置Y(最大)：下限	_UNDEFINED_
38	DTL.YLO:HL	YLO:HL 位置Y(最小)：上限	_UNDEFINED_
38	DTL.YLO:LL	YLO:LL 位置Y(最小)：下限	_UNDEFINED_
38	DTL.Y:HL	Y:HL 位置Y：上限	_UNDEFINED_
38	DTL.Y:LL	Y:LL 位置Y：下限	_UNDEFINED_
39	U0039	位置補正	
39	CMN.ENB	ENB 実行可否	0
39	CMN.CMNT	CMNT コメント	
39	CMN.IIMG	IIMG 画像変数	&Cam1Img
39	DTL.PATYP	PATYP 位置補正モード	0
39	DTL.IPTYP	IPTYP 補間処理	0
39	DTL.DIND1	DIND1 参照先1点目 個別指定	0
39	DTL.DUID1	DUID1 参照先1点目 ユニットID	12
39	DTL.REFENB	REFENB 基準位置指定方法	1
39	DTL.RIND1	RIND1 基準位置1点目 個別指定	1
39	DTL.RX1	RX1 基準位置1点目 位置X	!U[0012].RSLT.PTSTX
39	DTL.RY1	RY1 基準位置1点目 位置Y	!U[0012].RSLT.PTSTY
39	DTL.RT1	RT1 基準位置1点目 角度	0
40	U0040	■トレンドエッジ検出1 Cam2■	
40	CMN.ENB	ENB 実行可否	#type_target_cam2
40	CMN.CMNT	CMNT コメント	
40	CMN.PUID	PUID 位置補正元ユニットID	39
40	CMN.SCL	SCL スケーリング補正	0
40	CMN.IIMG	IIMG 画像変数	&Cam2Img
40	CMN.RIMG	RIMG 登録画像No.	41
40	CMN.UVR	UVR 登録画像No.変数参照	0
40	RGN.SHP	SHP 形状	1
40	RGN.LUXY	LUXY 左上XY	
40	RGN.LUX	LUX 左上X	716
40	RGN.LUY	LUY 左上Y	212
40	RGN.RDXY	RDXY 右下XY	
40	RGN.RDX	RDX 右下X	790
40	RGN.RDY	RDY 右下Y	440
40	RGN.MSK[0].SHP	SHP 形状	0
40	RGN.MSK[1].SHP	SHP 形状	0
40	RGN.MSK[2].SHP	SHP 形状	0
40	RGN.MSK[3].SHP	SHP 形状	0
40	CLREXT.WAY	WAY 抽出方法	-1
40	FLTR[0].FTYP	FTYP フィルター種別	0
40	FLTR[1].FTYP	FTYP フィルター種別	0
40	FLTR[2].FTYP	FTYP フィルター種別	0
40	FLTR[3].FTYP	FTYP フィルター種別	0
40	FLTR[4].FTYP	FTYP フィルター種別	0
40	FLTR[5].FTYP	FTYP フィルター種別	0
40	FLTR[6].FTYP	FTYP フィルター種別	0
40	FLTR[7].FTYP	FTYP フィルター種別	0
40	FLTR[8].FTYP	FTYP フィルター種別	0
40	FLTR[9].FTYP	FTYP フィルター種別	0
40	FLTR[10].FTYP	FTYP フィルター種別	0
40	FLTR[11].FTYP	FTYP フィルター種別	0
40	FLTR[12].FTYP	FTYP フィルター種別	0
40	DTL.TRD	TRD トレンド方向	7
40	DTL.PRD	PRD 検出方向	5
40	DTL.EGD	EGD エッジ方向	3
40	DTL.RID	RID 指定エッジ	0
40	DTL.SEN	SEN エッジ感度	30
40	DTL.FLW	FLW エッジフィルター幅	5
40	DTL.EI:HL	EI:HL エッジ強度上限	255
40	DTL.EI:LL	EI:LL エッジ強度下限	5
40	DTL.SGSR	SGSR セグメントサイズ	10
40	DTL.MVSR	MVSR 移動量	5
40	DTL.STOFR	STOFR 開始オフセット	0
40	DTL.LB	LB 判定ラベル種別	4
40	DTL.WPR	WPR 斜め安定フィルター	0
40	DTL.MXN	MXN 最大セグメント数	100
40	DTL.DEC	DEC 円/直線検出	2
40	DTL.REA	REA 変形補正	0
40	DTL.ASR	ASR 異常点乖離量許容値	5
40	DTL.ASL	ASL 異常点サイズ上限	25
40	DTL.OGX	OGX 原点座標X	0
40	DTL.OGY	OGY 原点座標Y	0
40	DTL.CRD	CRD 座標軸	0
40	DTL.OSM	OSM 領域外処理	0
40	DTL.DSGN:HL	DSGN:HL 検出セグメント数：上限	_UNDEFINED_
40	DTL.DSGN:LL	DSGN:LL 検出セグメント数：下限	_UNDEFINED_
40	DTL.XHI:HL	XHI:HL 位置X(最大)：上限	_UNDEFINED_
40	DTL.XHI:LL	XHI:LL 位置X(最大)：下限	_UNDEFINED_
40	DTL.XLO:HL	XLO:HL 位置X(最小)：上限	_UNDEFINED_
40	DTL.XLO:LL	XLO:LL 位置X(最小)：下限	_UNDEFINED_
40	DTL.X:HL	X:HL 位置X：上限	_UNDEFINED_
40	DTL.X:LL	X:LL 位置X：下限	_UNDEFINED_
41	U0041	■トレンドエッジ検出2 Cam2■	
41	CMN.ENB	ENB 実行可否	#type_target_cam2
41	CMN.CMNT	CMNT コメント	
41	CMN.PUID	PUID 位置補正元ユニットID	39
41	CMN.SCL	SCL スケーリング補正	0
41	CMN.IIMG	IIMG 画像変数	&Cam2Img
41	CMN.RIMG	RIMG 登録画像No.	41
41	CMN.UVR	UVR 登録画像No.変数参照	0
41	RGN.SHP	SHP 形状	1
41	RGN.LUXY	LUXY 左上XY	
41	RGN.LUX	LUX 左上X	1029
41	RGN.LUY	LUY 左上Y	645
41	RGN.RDXY	RDXY 右下XY	
41	RGN.RDX	RDX 右下X	1296
41	RGN.RDY	RDY 右下Y	683
41	RGN.MSK[0].SHP	SHP 形状	0
41	RGN.MSK[1].SHP	SHP 形状	0
41	RGN.MSK[2].SHP	SHP 形状	0
41	RGN.MSK[3].SHP	SHP 形状	0
41	CLREXT.WAY	WAY 抽出方法	-1
41	FLTR[0].FTYP	FTYP フィルター種別	0
41	FLTR[1].FTYP	FTYP フィルター種別	0
41	FLTR[2].FTYP	FTYP フィルター種別	0
41	FLTR[3].FTYP	FTYP フィルター種別	0
41	FLTR[4].FTYP	FTYP フィルター種別	0
41	FLTR[5].FTYP	FTYP フィルター種別	0
41	FLTR[6].FTYP	FTYP フィルター種別	0
41	FLTR[7].FTYP	FTYP フィルター種別	0
41	FLTR[8].FTYP	FTYP フィルター種別	0
41	FLTR[9].FTYP	FTYP フィルター種別	0
41	FLTR[10].FTYP	FTYP フィルター種別	0
41	FLTR[11].FTYP	FTYP フィルター種別	0
41	FLTR[12].FTYP	FTYP フィルター種別	0
41	DTL.TRD	TRD トレンド方向	5
41	DTL.PRD	PRD 検出方向	6
41	DTL.EGD	EGD エッジ方向	3
41	DTL.RID	RID 指定エッジ	0
41	DTL.SEN	SEN エッジ感度	20
41	DTL.FLW	FLW エッジフィルター幅	5
41	DTL.EI:HL	EI:HL エッジ強度上限	255
41	DTL.EI:LL	EI:LL エッジ強度下限	5
41	DTL.SGSR	SGSR セグメントサイズ	10
41	DTL.MVSR	MVSR 移動量	5
41	DTL.STOFR	STOFR 開始オフセット	0
41	DTL.LB	LB 判定ラベル種別	4
41	DTL.WPR	WPR 斜め安定フィルター	0
41	DTL.MXN	MXN 最大セグメント数	100
41	DTL.DEC	DEC 円/直線検出	2
41	DTL.REA	REA 変形補正	0
41	DTL.ASR	ASR 異常点乖離量許容値	5
41	DTL.ASL	ASL 異常点サイズ上限	25
41	DTL.OGX	OGX 原点座標X	0
41	DTL.OGY	OGY 原点座標Y	0
41	DTL.CRD	CRD 座標軸	0
41	DTL.OSM	OSM 領域外処理	0
41	DTL.DSGN:HL	DSGN:HL 検出セグメント数：上限	_UNDEFINED_
41	DTL.DSGN:LL	DSGN:LL 検出セグメント数：下限	_UNDEFINED_
41	DTL.YHI:HL	YHI:HL 位置Y(最大)：上限	_UNDEFINED_
41	DTL.YHI:LL	YHI:LL 位置Y(最大)：下限	_UNDEFINED_
41	DTL.YLO:HL	YLO:HL 位置Y(最小)：上限	_UNDEFINED_
41	DTL.YLO:LL	YLO:LL 位置Y(最小)：下限	_UNDEFINED_
41	DTL.Y:HL	Y:HL 位置Y：上限	_UNDEFINED_
41	DTL.Y:LL	Y:LL 位置Y：下限	_UNDEFINED_
42	U0042	位置補正	
42	CMN.ENB	ENB 実行可否	0
42	CMN.CMNT	CMNT コメント	
42	CMN.IIMG	IIMG 画像変数	&Cam1Img
42	DTL.PATYP	PATYP 位置補正モード	0
42	DTL.IPTYP	IPTYP 補間処理	0
42	DTL.DIND1	DIND1 参照先1点目 個別指定	0
42	DTL.DUID1	DUID1 参照先1点目 ユニットID	17
42	DTL.REFENB	REFENB 基準位置指定方法	1
42	DTL.RIND1	RIND1 基準位置1点目 個別指定	1
42	DTL.RX1	RX1 基準位置1点目 位置X	!U[0017].RSLT.PTSTX
42	DTL.RY1	RY1 基準位置1点目 位置Y	!U[0017].RSLT.PTSTY
42	DTL.RT1	RT1 基準位置1点目 角度	0
43	U0043	■トレンドエッジ検出1 Cam1■	
43	CMN.ENB	ENB 実行可否	#type_object_cam1
43	CMN.CMNT	CMNT コメント	
43	CMN.PUID	PUID 位置補正元ユニットID	42
43	CMN.SCL	SCL スケーリング補正	0
43	CMN.IIMG	IIMG 画像変数	&Cam1Img
43	CMN.RIMG	RIMG 登録画像No.	44
43	CMN.UVR	UVR 登録画像No.変数参照	0
43	RGN.SHP	SHP 形状	1
43	RGN.LUXY	LUXY 左上XY	
43	RGN.LUX	LUX 左上X	881
43	RGN.LUY	LUY 左上Y	989
43	RGN.RDXY	RDXY 右下XY	
43	RGN.RDX	RDX 右下X	945
43	RGN.RDY	RDY 右下Y	1073
43	RGN.MSK[0].SHP	SHP 形状	0
43	RGN.MSK[1].SHP	SHP 形状	0
43	RGN.MSK[2].SHP	SHP 形状	0
43	RGN.MSK[3].SHP	SHP 形状	0
43	CLREXT.WAY	WAY 抽出方法	-1
43	FLTR[0].FTYP	FTYP フィルター種別	0
43	FLTR[1].FTYP	FTYP フィルター種別	0
43	FLTR[2].FTYP	FTYP フィルター種別	0
43	FLTR[3].FTYP	FTYP フィルター種別	0
43	FLTR[4].FTYP	FTYP フィルター種別	0
43	FLTR[5].FTYP	FTYP フィルター種別	0
43	FLTR[6].FTYP	FTYP フィルター種別	0
43	FLTR[7].FTYP	FTYP フィルター種別	0
43	FLTR[8].FTYP	FTYP フィルター種別	0
43	FLTR[9].FTYP	FTYP フィルター種別	0
43	FLTR[10].FTYP	FTYP フィルター種別	0
43	FLTR[11].FTYP	FTYP フィルター種別	0
43	FLTR[12].FTYP	FTYP フィルター種別	0
43	DTL.TRD	TRD トレンド方向	7
43	DTL.PRD	PRD 検出方向	4
43	DTL.EGD	EGD エッジ方向	2
43	DTL.RID	RID 指定エッジ	0
43	DTL.SEN	SEN エッジ感度	30
43	DTL.FLW	FLW エッジフィルター幅	5
43	DTL.EI:HL	EI:HL エッジ強度上限	255
43	DTL.EI:LL	EI:LL エッジ強度下限	5
43	DTL.SGSR	SGSR セグメントサイズ	10
43	DTL.MVSR	MVSR 移動量	5
43	DTL.STOFR	STOFR 開始オフセット	0
43	DTL.LB	LB 判定ラベル種別	4
43	DTL.WPR	WPR 斜め安定フィルター	0
43	DTL.MXN	MXN 最大セグメント数	100
43	DTL.DEC	DEC 円/直線検出	2
43	DTL.REA	REA 変形補正	0
43	DTL.ASR	ASR 異常点乖離量許容値	5
43	DTL.ASL	ASL 異常点サイズ上限	25
43	DTL.OGX	OGX 原点座標X	0
43	DTL.OGY	OGY 原点座標Y	0
43	DTL.CRD	CRD 座標軸	0
43	DTL.OSM	OSM 領域外処理	0
43	DTL.DSGN:HL	DSGN:HL 検出セグメント数：上限	_UNDEFINED_
43	DTL.DSGN:LL	DSGN:LL 検出セグメント数：下限	_UNDEFINED_
43	DTL.XHI:HL	XHI:HL 位置X(最大)：上限	_UNDEFINED_
43	DTL.XHI:LL	XHI:LL 位置X(最大)：下限	_UNDEFINED_
43	DTL.XLO:HL	XLO:HL 位置X(最小)：上限	_UNDEFINED_
43	DTL.XLO:LL	XLO:LL 位置X(最小)：下限	_UNDEFINED_
43	DTL.X:HL	X:HL 位置X：上限	_UNDEFINED_
43	DTL.X:LL	X:LL 位置X：下限	_UNDEFINED_
44	U0044	■トレンドエッジ検出2 Cam1■	
44	CMN.ENB	ENB 実行可否	#type_object_cam1
44	CMN.CMNT	CMNT コメント	
44	CMN.PUID	PUID 位置補正元ユニットID	42
44	CMN.SCL	SCL スケーリング補正	0
44	CMN.IIMG	IIMG 画像変数	&Cam1Img
44	CMN.RIMG	RIMG 登録画像No.	44
44	CMN.UVR	UVR 登録画像No.変数参照	0
44	RGN.SHP	SHP 形状	1
44	RGN.LUXY	LUXY 左上XY	
44	RGN.LUX	LUX 左上X	927
44	RGN.LUY	LUY 左上Y	922
44	RGN.RDXY	RDXY 右下XY	
44	RGN.RDX	RDX 右下X	996
44	RGN.RDY	RDY 右下Y	968
44	RGN.MSK[0].SHP	SHP 形状	0
44	RGN.MSK[1].SHP	SHP 形状	0
44	RGN.MSK[2].SHP	SHP 形状	0
44	RGN.MSK[3].SHP	SHP 形状	0
44	CLREXT.WAY	WAY 抽出方法	-1
44	FLTR[0].FTYP	FTYP フィルター種別	0
44	FLTR[1].FTYP	FTYP フィルター種別	0
44	FLTR[2].FTYP	FTYP フィルター種別	0
44	FLTR[3].FTYP	FTYP フィルター種別	0
44	FLTR[4].FTYP	FTYP フィルター種別	0
44	FLTR[5].FTYP	FTYP フィルター種別	0
44	FLTR[6].FTYP	FTYP フィルター種別	0
44	FLTR[7].FTYP	FTYP フィルター種別	0
44	FLTR[8].FTYP	FTYP フィルター種別	0
44	FLTR[9].FTYP	FTYP フィルター種別	0
44	FLTR[10].FTYP	FTYP フィルター種別	0
44	FLTR[11].FTYP	FTYP フィルター種別	0
44	FLTR[12].FTYP	FTYP フィルター種別	0
44	DTL.TRD	TRD トレンド方向	5
44	DTL.PRD	PRD 検出方向	6
44	DTL.EGD	EGD エッジ方向	3
44	DTL.RID	RID 指定エッジ	0
44	DTL.SEN	SEN エッジ感度	40
44	DTL.FLW	FLW エッジフィルター幅	5
44	DTL.EI:HL	EI:HL エッジ強度上限	255
44	DTL.EI:LL	EI:LL エッジ強度下限	5
44	DTL.SGSR	SGSR セグメントサイズ	10
44	DTL.MVSR	MVSR 移動量	5
44	DTL.STOFR	STOFR 開始オフセット	0
44	DTL.LB	LB 判定ラベル種別	4
44	DTL.WPR	WPR 斜め安定フィルター	0
44	DTL.MXN	MXN 最大セグメント数	100
44	DTL.DEC	DEC 円/直線検出	2
44	DTL.REA	REA 変形補正	0
44	DTL.ASR	ASR 異常点乖離量許容値	5
44	DTL.ASL	ASL 異常点サイズ上限	25
44	DTL.OGX	OGX 原点座標X	0
44	DTL.OGY	OGY 原点座標Y	0
44	DTL.CRD	CRD 座標軸	0
44	DTL.OSM	OSM 領域外処理	0
44	DTL.DSGN:HL	DSGN:HL 検出セグメント数：上限	_UNDEFINED_
44	DTL.DSGN:LL	DSGN:LL 検出セグメント数：下限	_UNDEFINED_
44	DTL.YHI:HL	YHI:HL 位置Y(最大)：上限	_UNDEFINED_
44	DTL.YHI:LL	YHI:LL 位置Y(最大)：下限	_UNDEFINED_
44	DTL.YLO:HL	YLO:HL 位置Y(最小)：上限	_UNDEFINED_
44	DTL.YLO:LL	YLO:LL 位置Y(最小)：下限	_UNDEFINED_
44	DTL.Y:HL	Y:HL 位置Y：上限	_UNDEFINED_
44	DTL.Y:LL	Y:LL 位置Y：下限	_UNDEFINED_
45	U0045	位置補正	
45	CMN.ENB	ENB 実行可否	0
45	CMN.CMNT	CMNT コメント	
45	CMN.IIMG	IIMG 画像変数	&Cam2Img
45	DTL.PATYP	PATYP 位置補正モード	0
45	DTL.IPTYP	IPTYP 補間処理	0
45	DTL.DIND1	DIND1 参照先1点目 個別指定	1
45	DTL.DX1	DX1 参照先1点目 位置X	!U[0018].RSLT.ADJX
45	DTL.DY1	DY1 参照先1点目 位置Y	!U[0018].RSLT.ADJY
45	DTL.DT1	DT1 参照先1点目 角度	!U[0018].RSLT.ADJT
45	DTL.REFENB	REFENB 基準位置指定方法	1
45	DTL.RIND1	RIND1 基準位置1点目 個別指定	1
45	DTL.RX1	RX1 基準位置1点目 位置X	!U[0018].RSLT.PTSTX
45	DTL.RY1	RY1 基準位置1点目 位置Y	!U[0018].RSLT.PTSTY
45	DTL.RT1	RT1 基準位置1点目 角度	0
46	U0046	■トレンドエッジ検出1 Cam2■	
46	CMN.ENB	ENB 実行可否	#type_object_cam2
46	CMN.CMNT	CMNT コメント	
46	CMN.PUID	PUID 位置補正元ユニットID	45
46	CMN.SCL	SCL スケーリング補正	0
46	CMN.IIMG	IIMG 画像変数	&Cam2Img
46	CMN.RIMG	RIMG 登録画像No.	45
46	CMN.UVR	UVR 登録画像No.変数参照	0
46	RGN.SHP	SHP 形状	1
46	RGN.LUXY	LUXY 左上XY	
46	RGN.LUX	LUX 左上X	611
46	RGN.LUY	LUY 左上Y	812
46	RGN.RDXY	RDXY 右下XY	
46	RGN.RDX	RDX 右下X	654
46	RGN.RDY	RDY 右下Y	949
46	RGN.MSK[0].SHP	SHP 形状	0
46	RGN.MSK[1].SHP	SHP 形状	0
46	RGN.MSK[2].SHP	SHP 形状	0
46	RGN.MSK[3].SHP	SHP 形状	0
46	CLREXT.WAY	WAY 抽出方法	-1
46	FLTR[0].FTYP	FTYP フィルター種別	0
46	FLTR[1].FTYP	FTYP フィルター種別	0
46	FLTR[2].FTYP	FTYP フィルター種別	0
46	FLTR[3].FTYP	FTYP フィルター種別	0
46	FLTR[4].FTYP	FTYP フィルター種別	0
46	FLTR[5].FTYP	FTYP フィルター種別	0
46	FLTR[6].FTYP	FTYP フィルター種別	0
46	FLTR[7].FTYP	FTYP フィルター種別	0
46	FLTR[8].FTYP	FTYP フィルター種別	0
46	FLTR[9].FTYP	FTYP フィルター種別	0
46	FLTR[10].FTYP	FTYP フィルター種別	0
46	FLTR[11].FTYP	FTYP フィルター種別	0
46	FLTR[12].FTYP	FTYP フィルター種別	0
46	DTL.TRD	TRD トレンド方向	7
46	DTL.PRD	PRD 検出方向	4
46	DTL.EGD	EGD エッジ方向	3
46	DTL.RID	RID 指定エッジ	0
46	DTL.SEN	SEN エッジ感度	50
46	DTL.FLW	FLW エッジフィルター幅	5
46	DTL.EI:HL	EI:HL エッジ強度上限	255
46	DTL.EI:LL	EI:LL エッジ強度下限	5
46	DTL.SGSR	SGSR セグメントサイズ	10
46	DTL.MVSR	MVSR 移動量	5
46	DTL.STOFR	STOFR 開始オフセット	0
46	DTL.LB	LB 判定ラベル種別	4
46	DTL.WPR	WPR 斜め安定フィルター	0
46	DTL.MXN	MXN 最大セグメント数	100
46	DTL.DEC	DEC 円/直線検出	2
46	DTL.REA	REA 変形補正	0
46	DTL.ASR	ASR 異常点乖離量許容値	5
46	DTL.ASL	ASL 異常点サイズ上限	25
46	DTL.OGX	OGX 原点座標X	0
46	DTL.OGY	OGY 原点座標Y	0
46	DTL.CRD	CRD 座標軸	0
46	DTL.OSM	OSM 領域外処理	0
46	DTL.DSGN:HL	DSGN:HL 検出セグメント数：上限	_UNDEFINED_
46	DTL.DSGN:LL	DSGN:LL 検出セグメント数：下限	_UNDEFINED_
46	DTL.XHI:HL	XHI:HL 位置X(最大)：上限	_UNDEFINED_
46	DTL.XHI:LL	XHI:LL 位置X(最大)：下限	_UNDEFINED_
46	DTL.XLO:HL	XLO:HL 位置X(最小)：上限	_UNDEFINED_
46	DTL.XLO:LL	XLO:LL 位置X(最小)：下限	_UNDEFINED_
46	DTL.X:HL	X:HL 位置X：上限	_UNDEFINED_
46	DTL.X:LL	X:LL 位置X：下限	_UNDEFINED_
47	U0047	■トレンドエッジ検出2 Cam2■	
47	CMN.ENB	ENB 実行可否	#type_object_cam2
47	CMN.CMNT	CMNT コメント	
47	CMN.PUID	PUID 位置補正元ユニットID	45
47	CMN.SCL	SCL スケーリング補正	0
47	CMN.IIMG	IIMG 画像変数	&Cam2Img
47	CMN.RIMG	RIMG 登録画像No.	45
47	CMN.UVR	UVR 登録画像No.変数参照	0
47	RGN.SHP	SHP 形状	1
47	RGN.LUXY	LUXY 左上XY	
47	RGN.LUX	LUX 左上X	669
47	RGN.LUY	LUY 左上Y	995
47	RGN.RDXY	RDXY 右下XY	
47	RGN.RDX	RDX 右下X	871
47	RGN.RDY	RDY 右下Y	1032
47	RGN.MSK[0].SHP	SHP 形状	0
47	RGN.MSK[1].SHP	SHP 形状	0
47	RGN.MSK[2].SHP	SHP 形状	0
47	RGN.MSK[3].SHP	SHP 形状	0
47	CLREXT.WAY	WAY 抽出方法	-1
47	FLTR[0].FTYP	FTYP フィルター種別	0
47	FLTR[1].FTYP	FTYP フィルター種別	0
47	FLTR[2].FTYP	FTYP フィルター種別	0
47	FLTR[3].FTYP	FTYP フィルター種別	0
47	FLTR[4].FTYP	FTYP フィルター種別	0
47	FLTR[5].FTYP	FTYP フィルター種別	0
47	FLTR[6].FTYP	FTYP フィルター種別	0
47	FLTR[7].FTYP	FTYP フィルター種別	0
47	FLTR[8].FTYP	FTYP フィルター種別	0
47	FLTR[9].FTYP	FTYP フィルター種別	0
47	FLTR[10].FTYP	FTYP フィルター種別	0
47	FLTR[11].FTYP	FTYP フィルター種別	0
47	FLTR[12].FTYP	FTYP フィルター種別	0
47	DTL.TRD	TRD トレンド方向	5
47	DTL.PRD	PRD 検出方向	7
47	DTL.EGD	EGD エッジ方向	3
47	DTL.RID	RID 指定エッジ	0
47	DTL.SEN	SEN エッジ感度	40
47	DTL.FLW	FLW エッジフィルター幅	5
47	DTL.EI:HL	EI:HL エッジ強度上限	255
47	DTL.EI:LL	EI:LL エッジ強度下限	5
47	DTL.SGSR	SGSR セグメントサイズ	10
47	DTL.MVSR	MVSR 移動量	5
47	DTL.STOFR	STOFR 開始オフセット	0
47	DTL.LB	LB 判定ラベル種別	4
47	DTL.WPR	WPR 斜め安定フィルター	0
47	DTL.MXN	MXN 最大セグメント数	100
47	DTL.DEC	DEC 円/直線検出	2
47	DTL.REA	REA 変形補正	0
47	DTL.ASR	ASR 異常点乖離量許容値	5
47	DTL.ASL	ASL 異常点サイズ上限	25
47	DTL.OGX	OGX 原点座標X	0
47	DTL.OGY	OGY 原点座標Y	0
47	DTL.CRD	CRD 座標軸	0
47	DTL.OSM	OSM 領域外処理	0
47	DTL.DSGN:HL	DSGN:HL 検出セグメント数：上限	_UNDEFINED_
47	DTL.DSGN:LL	DSGN:LL 検出セグメント数：下限	_UNDEFINED_
47	DTL.YHI:HL	YHI:HL 位置Y(最大)：上限	_UNDEFINED_
47	DTL.YHI:LL	YHI:LL 位置Y(最大)：下限	_UNDEFINED_
47	DTL.YLO:HL	YLO:HL 位置Y(最小)：上限	_UNDEFINED_
47	DTL.YLO:LL	YLO:LL 位置Y(最小)：下限	_UNDEFINED_
47	DTL.Y:HL	Y:HL 位置Y：上限	_UNDEFINED_
47	DTL.Y:LL	Y:LL 位置Y：下限	_UNDEFINED_
48	U0048	座標格納、カメラ移動計算	
48	CMN.ENB	ENB 実行可否	0
48	CMN.CMNT	CMNT コメント	
49	U0049	ずれ量XYT計算	
49	CMN.ENB	ENB 実行可否	0
49	CMN.CMNT	CMNT コメント	
50	U0050	アライメント座標変換	
50	CMN.ENB	ENB 実行可否	0
50	CMN.CMNT	CMNT コメント	
50	CMN.IIMG	IIMG 画像変数	&Cam1Img
50	DTL.ALP_SEL	ALP_SEL 指定方法	0
50	DTL.ALP_GLB	ALP_GLB キャリブレーションデータのスコープ	1
50	DTL.ALP_RNO	ALP_RNO キャリブレーションデータ番号	0
50	DTL.ALP_CAM	ALP_CAM カメラ	0
50	DTL.ALP_BP	ALP_BP 基準位置の扱い	1
50	DTL.ALP_CUTS	ALP_CUTS 対象選択	0
50	DTL.ALP_SP	ALP_SP ステージ位置の補正	3
50	DTL.ALP_CP	ALP_CP カメラ位置の補正	3
50	DTL.ALP_CSEL	ALP_CSEL 指定方法	0
50	DTL.ALP_CGLB	ALP_CGLB キャリブレーションデータのスコープ	1
50	DTL.ALP_CRNO	ALP_CRNO キャリブレーションデータ番号	1
50	DTL.ALP_DX	ALP_DX 検出位置X	#AlignmentPos_target_CU[0].X
50	DTL.ALP_DY	ALP_DY 検出位置Y	#AlignmentPos_target_CU[0].Y
50	DTL.ALP_TEN	ALP_TEN 検出位置θ有効	0
50	DTL.ALP_DCX	ALP_DCX 検出位置計測時のカメラ位置X	#AlignmentPos_target_CamXY[0].X
50	DTL.ALP_DCY	ALP_DCY 検出位置計測時のカメラ位置Y	#AlignmentPos_target_CamXY[0].Y
50	DTL.ALP_DSX	ALP_DSX 検出位置計測時のステージ位置X	#AlignmentPos_target_StageXY.X
50	DTL.ALP_DSY	ALP_DSY 検出位置計測時のステージ位置Y	#AlignmentPos_target_StageXY.Y
50	DTL.ALP_BPX	ALP_BPX 基準位置X	#AlignmentPos_target_CU[0].X
50	DTL.ALP_BPY	ALP_BPY 基準位置Y	#AlignmentPos_target_CU[0].Y
50	DTL.ALP_BCX	ALP_BCX 基準位置計測時のカメラ位置X	#RegMasterPos_target_CamXY[0].X
50	DTL.ALP_BCY	ALP_BCY 基準位置計測時のカメラ位置Y	#RegMasterPos_target_CamXY[0].Y
50	DTL.ALP_BSX	ALP_BSX 基準位置計測時のステージ位置X	#RegMasterPos_target_StageXY.X
50	DTL.ALP_BSY	ALP_BSY 基準位置計測時のステージ位置Y	#RegMasterPos_target_StageXY.Y
51	U0051	アライメント座標変換	
51	CMN.ENB	ENB 実行可否	0
51	CMN.CMNT	CMNT コメント	
51	CMN.IIMG	IIMG 画像変数	&Cam2Img
51	DTL.ALP_SEL	ALP_SEL 指定方法	0
51	DTL.ALP_GLB	ALP_GLB キャリブレーションデータのスコープ	1
51	DTL.ALP_RNO	ALP_RNO キャリブレーションデータ番号	0
51	DTL.ALP_CAM	ALP_CAM カメラ	1
51	DTL.ALP_BP	ALP_BP 基準位置の扱い	1
51	DTL.ALP_CUTS	ALP_CUTS 対象選択	0
51	DTL.ALP_SP	ALP_SP ステージ位置の補正	0
51	DTL.ALP_CP	ALP_CP カメラ位置の補正	0
51	DTL.ALP_DX	ALP_DX 検出位置X	#AlignmentPos_object_pix[1].X
51	DTL.ALP_DY	ALP_DY 検出位置Y	#AlignmentPos_object_pix[1].Y
51	DTL.ALP_TEN	ALP_TEN 検出位置θ有効	0
51	DTL.ALP_BPX	ALP_BPX 基準位置X	#AlignmentPos_object_pix[1].X
51	DTL.ALP_BPY	ALP_BPY 基準位置Y	#AlignmentPos_object_pix[1].Y
52	U0052	ManualAlignment最終判定格納	
52	CMN.ENB	ENB 実行可否	0
52	CMN.CMNT	CMNT コメント	
53	U0053	合流	
53	CMN.CMNT	CMNT コメント	
54	U0054	↓Target→Object	
54	CMN.CMNT	CMNT コメント	
55	U0055	↓RegMaster	
55	CMN.CMNT	CMNT コメント	"↓RegMasterPos→↓Alignment
"
56	U0056	↓基準位置座標格納	
56	CMN.CMNT	CMNT コメント	
57	U0057	★基準位置登録時格納★	
57	CMN.ENB	ENB 実行可否	0
57	CMN.CMNT	CMNT コメント	
58	U0058	座標入力方法指定	
58	CMN.CMNT	CMNT コメント	↓Auto指定→↓Manual指定
59	U0059	★Auto座標指定★	
59	CMN.ENB	ENB 実行可否	0
59	CMN.CMNT	CMNT コメント	
60	U0060	★Manual座標指定★	
60	CMN.ENB	ENB 実行可否	0
60	CMN.CMNT	CMNT コメント	
61	U0061	合流	
61	CMN.CMNT	CMNT コメント	
62	U0062	移動量 0Reset	
62	CMN.ENB	ENB 実行可否	0
62	CMN.CMNT	CMNT コメント	
63	U0063	合流	
63	CMN.CMNT	CMNT コメント	
64	U0064	結果出力	
64	CMN.ENB	ENB 実行可否	0
64	CMN.CMNT	CMNT コメント	
65	U0065	エンド	
65	CMN.CMNT	CMNT コメント	
66	U0066	合流	
66	CMN.CMNT	CMNT コメント	
67	U0067	↓Alignment	
67	CMN.CMNT	CMNT コメント	"↓Alignment→↓RegMasterPos
"
68	U0068	★Alignment時格納★	
68	CMN.ENB	ENB 実行可否	0
68	CMN.CMNT	CMNT コメント	
69	U0069	座標入力方法指定	
69	CMN.CMNT	CMNT コメント	↓Auto指定→↓Manual指定
70	U0070	★Auto座標指定★	
70	CMN.ENB	ENB 実行可否	0
70	CMN.CMNT	CMNT コメント	
71	U0071	★Manual座標指定★	
71	CMN.ENB	ENB 実行可否	0
71	CMN.CMNT	CMNT コメント	
72	U0072	合流	
72	CMN.CMNT	CMNT コメント	
73	U0073	合流	
73	CMN.CMNT	CMNT コメント	
74	U0074	↓RegMaster	
74	CMN.CMNT	CMNT コメント	"↓RegMasterPos→↓Alignment
"
75	U0075	↓基準位置座標格納	
75	CMN.CMNT	CMNT コメント	
76	U0076	★基準位置登録時格納★	
76	CMN.ENB	ENB 実行可否	0
76	CMN.CMNT	CMNT コメント	
77	U0077	座標入力方法指定	
77	CMN.CMNT	CMNT コメント	↓Auto指定→↓Manual指定
78	U0078	★Auto座標指定★	
78	CMN.ENB	ENB 実行可否	0
78	CMN.CMNT	CMNT コメント	
79	U0079	★Manual座標指定★	
79	CMN.ENB	ENB 実行可否	0
79	CMN.CMNT	CMNT コメント	
80	U0080	合流	
80	CMN.CMNT	CMNT コメント	
81	U0081	移動量 0Reset	
81	CMN.ENB	ENB 実行可否	0
81	CMN.CMNT	CMNT コメント	
82	U0082	合流	
82	CMN.CMNT	CMNT コメント	
83	U0083	結果出力	
83	CMN.ENB	ENB 実行可否	0
83	CMN.CMNT	CMNT コメント	
84	U0084	エンド	
84	CMN.CMNT	CMNT コメント	
85	U0085	合流	
85	CMN.CMNT	CMNT コメント	
86	U0086	↓Alignment	
86	CMN.CMNT	CMNT コメント	"↓Alignment→↓RegMasterPos
"
87	U0087	★Alignment時格納★	
87	CMN.ENB	ENB 実行可否	0
87	CMN.CMNT	CMNT コメント	
88	U0088	座標入力方法指定	
88	CMN.CMNT	CMNT コメント	↓Auto指定→↓Manual指定
89	U0089	★Auto座標指定★	
89	CMN.ENB	ENB 実行可否	0
89	CMN.CMNT	CMNT コメント	
90	U0090	★Manual座標指定★	
90	CMN.ENB	ENB 実行可否	0
90	CMN.CMNT	CMNT コメント	
91	U0091	合流	
91	CMN.CMNT	CMNT コメント	
92	U0092	合流	
92	CMN.CMNT	CMNT コメント	
93	U0093	合流	
93	CMN.CMNT	CMNT コメント	
94	U0094	→Calculation	
94	CMN.CMNT	CMNT コメント	
95	U0095	移動量 0Reset	
95	CMN.ENB	ENB 実行可否	0
95	CMN.CMNT	CMNT コメント	
96	U0096	アライメント座標変換	
96	CMN.ENB	ENB 実行可否	0
96	CMN.CMNT	CMNT コメント	
96	CMN.IIMG	IIMG 画像変数	&Cam1Img
96	DTL.ALP_SEL	ALP_SEL 指定方法	0
96	DTL.ALP_GLB	ALP_GLB キャリブレーションデータのスコープ	1
96	DTL.ALP_RNO	ALP_RNO キャリブレーションデータ番号	0
96	DTL.ALP_CAM	ALP_CAM カメラ	0
96	DTL.ALP_BP	ALP_BP 基準位置の扱い	1
96	DTL.ALP_CUTS	ALP_CUTS 対象選択	0
96	DTL.ALP_SP	ALP_SP ステージ位置の補正	0
96	DTL.ALP_CP	ALP_CP カメラ位置の補正	0
96	DTL.ALP_DX	ALP_DX 検出位置X	#AlignmentPos_target_CU[0].X
96	DTL.ALP_DY	ALP_DY 検出位置Y	#AlignmentPos_target_CU[0].Y
96	DTL.ALP_TEN	ALP_TEN 検出位置θ有効	0
96	DTL.ALP_BPX	ALP_BPX 基準位置X	#MasterPosSelect_target_CU[0].X
96	DTL.ALP_BPY	ALP_BPY 基準位置Y	#MasterPosSelect_target_CU[0].Y
97	U0097	アライメント座標変換	
97	CMN.ENB	ENB 実行可否	0
97	CMN.CMNT	CMNT コメント	
97	CMN.IIMG	IIMG 画像変数	&Cam2Img
97	DTL.ALP_SEL	ALP_SEL 指定方法	0
97	DTL.ALP_GLB	ALP_GLB キャリブレーションデータのスコープ	1
97	DTL.ALP_RNO	ALP_RNO キャリブレーションデータ番号	0
97	DTL.ALP_CAM	ALP_CAM カメラ	1
97	DTL.ALP_BP	ALP_BP 基準位置の扱い	1
97	DTL.ALP_CUTS	ALP_CUTS 対象選択	0
97	DTL.ALP_SP	ALP_SP ステージ位置の補正	0
97	DTL.ALP_CP	ALP_CP カメラ位置の補正	0
97	DTL.ALP_DX	ALP_DX 検出位置X	#AlignmentPos_target_CU[1].X
97	DTL.ALP_DY	ALP_DY 検出位置Y	#AlignmentPos_target_CU[1].Y
97	DTL.ALP_TEN	ALP_TEN 検出位置θ有効	0
97	DTL.ALP_BPX	ALP_BPX 基準位置X	#MasterPosSelect_target_CU[1].X
97	DTL.ALP_BPY	ALP_BPY 基準位置Y	#MasterPosSelect_target_CU[1].Y
98	U0098	アライメント移動量算出	
98	CMN.ENB	ENB 実行可否	0
98	CMN.CMNT	CMNT コメント	
98	CMN.IIMG	IIMG 画像変数	&Cam1Img
98	DTL.ALC_U1	ALC_U1 演算対象点1	103
98	DTL.ALC_U2	ALC_U2 演算対象点2	104
98	DTL.ALC_U3	ALC_U3 演算対象点3	_UNDEFINED_
98	DTL.ALC_U4	ALC_U4 演算対象点4	_UNDEFINED_
98	DTL.ALC_CM	ALC_CM 演算方法	0
98	DTL.ALC_ACM	ALC_ACM 角度算出	1
98	DTL.ALC_CMD	ALC_CMD 補正方向	0
98	DTL.ALC_AU1	ALC_AU1 算出対象点1	103
98	DTL.ALC_AU2	ALC_AU2 算出対象点2	104
98	DTL.ALC_AVE	ALC_AVE 2直線の角度の平均を取る	0
98	DTL.ALC_RCC	ALC_RCC 回転中心位置補正設定	1
98	DTL.ALC_OEN	ALC_OEN 検出点・基準点のオフセット	0
98	DTL.AL_OFX	AL_OFX 移動量オフセットX	#dX_target
98	DTL.AL_OFY	AL_OFY 移動量オフセットY	#dY_target
98	DTL.AL_OFT	AL_OFT 移動量オフセットθ	#dT_target
98	DTL.X:HL	X:HL 移動量X：上限	_UNDEFINED_
98	DTL.X:LL	X:LL 移動量X：下限	_UNDEFINED_
98	DTL.Y:HL	Y:HL 移動量Y：上限	_UNDEFINED_
98	DTL.Y:LL	Y:LL 移動量Y：下限	_UNDEFINED_
98	DTL.T:HL	T:HL 移動量θ：上限	_UNDEFINED_
98	DTL.T:LL	T:LL 移動量θ：下限	_UNDEFINED_
99	U0099	アライメント座標変換	
99	CMN.ENB	ENB 実行可否	0
99	CMN.CMNT	CMNT コメント	
99	CMN.IIMG	IIMG 画像変数	&Cam1Img
99	DTL.ALP_SEL	ALP_SEL 指定方法	0
99	DTL.ALP_GLB	ALP_GLB キャリブレーションデータのスコープ	1
99	DTL.ALP_RNO	ALP_RNO キャリブレーションデータ番号	0
99	DTL.ALP_CAM	ALP_CAM カメラ	0
99	DTL.ALP_BP	ALP_BP 基準位置の扱い	1
99	DTL.ALP_CUTS	ALP_CUTS 対象選択	0
99	DTL.ALP_SP	ALP_SP ステージ位置の補正	3
99	DTL.ALP_CP	ALP_CP カメラ位置の補正	0
99	DTL.ALP_DX	ALP_DX 検出位置X	#AlignmentPos_object_pix[0].X
99	DTL.ALP_DY	ALP_DY 検出位置Y	#AlignmentPos_object_pix[0].Y
99	DTL.ALP_TEN	ALP_TEN 検出位置θ有効	0
99	DTL.ALP_DSX	ALP_DSX 検出位置計測時のステージ位置X	#AlignmentPos_target_StageXY.X
99	DTL.ALP_DSY	ALP_DSY 検出位置計測時のステージ位置Y	#AlignmentPos_target_StageXY.Y
99	DTL.ALP_BPX	ALP_BPX 基準位置X	#AlignmentPos_object_pix[0].X
99	DTL.ALP_BPY	ALP_BPY 基準位置Y	#AlignmentPos_object_pix[0].Y
99	DTL.ALP_BSX	ALP_BSX 基準位置計測時のステージ位置X	#RegMasterPos_target_StageXY.X
99	DTL.ALP_BSY	ALP_BSY 基準位置計測時のステージ位置Y	#RegMasterPos_target_StageXY.Y
100	U0100	検出点pix→mm変換座標格納	
100	CMN.ENB	ENB 実行可否	0
100	CMN.CMNT	CMNT コメント	
101	U0101	アライメント移動量算出	
101	CMN.ENB	ENB 実行可否	0
101	CMN.CMNT	CMNT コメント	
101	CMN.IIMG	IIMG 画像変数	&Cam1Img
101	DTL.ALC_U1	ALC_U1 演算対象点1	96
101	DTL.ALC_U2	ALC_U2 演算対象点2	97
101	DTL.ALC_U3	ALC_U3 演算対象点3	_UNDEFINED_
101	DTL.ALC_U4	ALC_U4 演算対象点4	_UNDEFINED_
101	DTL.ALC_CM	ALC_CM 演算方法	0
101	DTL.ALC_ACM	ALC_ACM 角度算出	1
101	DTL.ALC_CMD	ALC_CMD 補正方向	0
101	DTL.ALC_AU1	ALC_AU1 算出対象点1	96
101	DTL.ALC_AU2	ALC_AU2 算出対象点2	97
101	DTL.ALC_AVE	ALC_AVE 2直線の角度の平均を取る	0
101	DTL.ALC_RCC	ALC_RCC 回転中心位置補正設定	0
101	DTL.ALC_OEN	ALC_OEN 検出点・基準点のオフセット	0
101	DTL.AL_OFX	AL_OFX 移動量オフセットX	0
101	DTL.AL_OFY	AL_OFY 移動量オフセットY	0
101	DTL.AL_OFT	AL_OFT 移動量オフセットθ	0
101	DTL.X:HL	X:HL 移動量X：上限	_UNDEFINED_
101	DTL.X:LL	X:LL 移動量X：下限	_UNDEFINED_
101	DTL.Y:HL	Y:HL 移動量Y：上限	_UNDEFINED_
101	DTL.Y:LL	Y:LL 移動量Y：下限	_UNDEFINED_
101	DTL.T:HL	T:HL 移動量θ：上限	_UNDEFINED_
101	DTL.T:LL	T:LL 移動量θ：下限	_UNDEFINED_
102	U0102	移動量格納	
102	CMN.ENB	ENB 実行可否	0
102	CMN.CMNT	CMNT コメント	
103	U0103	アライメント座標変換	
103	CMN.ENB	ENB 実行可否	0
103	CMN.CMNT	CMNT コメント	
103	CMN.IIMG	IIMG 画像変数	&Cam1Img
103	DTL.ALP_SEL	ALP_SEL 指定方法	0
103	DTL.ALP_GLB	ALP_GLB キャリブレーションデータのスコープ	1
103	DTL.ALP_RNO	ALP_RNO キャリブレーションデータ番号	0
103	DTL.ALP_CAM	ALP_CAM カメラ	0
103	DTL.ALP_BP	ALP_BP 基準位置の扱い	1
103	DTL.ALP_CUTS	ALP_CUTS 対象選択	0
103	DTL.ALP_SP	ALP_SP ステージ位置の補正	0
103	DTL.ALP_CP	ALP_CP カメラ位置の補正	0
103	DTL.ALP_DX	ALP_DX 検出位置X	#AlignmentPos_object_pix_CU[0].X
103	DTL.ALP_DY	ALP_DY 検出位置Y	#AlignmentPos_object_pix_CU[0].Y
103	DTL.ALP_TEN	ALP_TEN 検出位置θ有効	0
103	DTL.ALP_BPX	ALP_BPX 基準位置X	#MasterPosSelect_object_pix_CU[0].X
103	DTL.ALP_BPY	ALP_BPY 基準位置Y	#MasterPosSelect_object_pix_CU[0].Y
104	U0104	アライメント座標変換	
104	CMN.ENB	ENB 実行可否	0
104	CMN.CMNT	CMNT コメント	
104	CMN.IIMG	IIMG 画像変数	&Cam2Img
104	DTL.ALP_SEL	ALP_SEL 指定方法	0
104	DTL.ALP_GLB	ALP_GLB キャリブレーションデータのスコープ	1
104	DTL.ALP_RNO	ALP_RNO キャリブレーションデータ番号	0
104	DTL.ALP_CAM	ALP_CAM カメラ	1
104	DTL.ALP_BP	ALP_BP 基準位置の扱い	1
104	DTL.ALP_CUTS	ALP_CUTS 対象選択	0
104	DTL.ALP_SP	ALP_SP ステージ位置の補正	0
104	DTL.ALP_CP	ALP_CP カメラ位置の補正	0
104	DTL.ALP_DX	ALP_DX 検出位置X	#AlignmentPos_object_pix_CU[1].X
104	DTL.ALP_DY	ALP_DY 検出位置Y	#AlignmentPos_object_pix_CU[1].Y
104	DTL.ALP_TEN	ALP_TEN 検出位置θ有効	0
104	DTL.ALP_BPX	ALP_BPX 基準位置X	#MasterPosSelect_object_pix_CU[1].X
104	DTL.ALP_BPY	ALP_BPY 基準位置Y	#MasterPosSelect_object_pix_CU[1].Y
105	U0105	アライメント移動量算出	
105	CMN.ENB	ENB 実行可否	0
105	CMN.CMNT	CMNT コメント	
105	CMN.IIMG	IIMG 画像変数	&Cam1Img
105	DTL.ALC_U1	ALC_U1 演算対象点1	50
105	DTL.ALC_U2	ALC_U2 演算対象点2	51
105	DTL.ALC_U3	ALC_U3 演算対象点3	_UNDEFINED_
105	DTL.ALC_U4	ALC_U4 演算対象点4	_UNDEFINED_
105	DTL.ALC_CM	ALC_CM 演算方法	0
105	DTL.ALC_ACM	ALC_ACM 角度算出	2
105	DTL.ALC_CMD	ALC_CMD 補正方向	0
105	DTL.ALC_ANG	ALC_ANG 角度	#Calc_Offset_XYT[2]
105	DTL.ALC_RCC	ALC_RCC 回転中心位置補正設定	0
105	DTL.ALC_OEN	ALC_OEN 検出点・基準点のオフセット	0
105	DTL.AL_OFX	AL_OFX 移動量オフセットX	#Calc_Offset_XYT[0]
105	DTL.AL_OFY	AL_OFY 移動量オフセットY	#Calc_Offset_XYT[1]
105	DTL.AL_OFT	AL_OFT 移動量オフセットθ	0
105	DTL.X:HL	X:HL 移動量X：上限	_UNDEFINED_
105	DTL.X:LL	X:LL 移動量X：下限	_UNDEFINED_
105	DTL.Y:HL	Y:HL 移動量Y：上限	_UNDEFINED_
105	DTL.Y:LL	Y:LL 移動量Y：下限	_UNDEFINED_
105	DTL.T:HL	T:HL 移動量θ：上限	_UNDEFINED_
105	DTL.T:LL	T:LL 移動量θ：下限	_UNDEFINED_
106	U0106	アライメント座標変換	
106	CMN.ENB	ENB 実行可否	0
106	CMN.CMNT	CMNT コメント	
106	CMN.IIMG	IIMG 画像変数	&Cam2Img
106	DTL.ALP_SEL	ALP_SEL 指定方法	0
106	DTL.ALP_GLB	ALP_GLB キャリブレーションデータのスコープ	1
106	DTL.ALP_RNO	ALP_RNO キャリブレーションデータ番号	0
106	DTL.ALP_CAM	ALP_CAM カメラ	1
106	DTL.ALP_BP	ALP_BP 基準位置の扱い	1
106	DTL.ALP_CUTS	ALP_CUTS 対象選択	0
106	DTL.ALP_SP	ALP_SP ステージ位置の補正	3
106	DTL.ALP_CP	ALP_CP カメラ位置の補正	0
106	DTL.ALP_DX	ALP_DX 検出位置X	#AlignmentPos_object_pix[1].X
106	DTL.ALP_DY	ALP_DY 検出位置Y	#AlignmentPos_object_pix[1].Y
106	DTL.ALP_TEN	ALP_TEN 検出位置θ有効	0
106	DTL.ALP_DSX	ALP_DSX 検出位置計測時のステージ位置X	#AlignmentPos_target_StageXY.X
106	DTL.ALP_DSY	ALP_DSY 検出位置計測時のステージ位置Y	#AlignmentPos_target_StageXY.Y
106	DTL.ALP_BPX	ALP_BPX 基準位置X	#AlignmentPos_object_pix[1].X
106	DTL.ALP_BPY	ALP_BPY 基準位置Y	#AlignmentPos_object_pix[1].Y
106	DTL.ALP_BSX	ALP_BSX 基準位置計測時のステージ位置X	#RegMasterPos_target_StageXY.X
106	DTL.ALP_BSY	ALP_BSY 基準位置計測時のステージ位置Y	#RegMasterPos_target_StageXY.Y
107	U0107	検出点pix→mm変換座標格納	
107	CMN.ENB	ENB 実行可否	0
107	CMN.CMNT	CMNT コメント	
108	U0108	アライメント移動量算出	
108	CMN.ENB	ENB 実行可否	0
108	CMN.CMNT	CMNT コメント	
108	CMN.IIMG	IIMG 画像変数	&Cam1Img
108	DTL.ALC_U1	ALC_U1 演算対象点1	103
108	DTL.ALC_U2	ALC_U2 演算対象点2	104
108	DTL.ALC_U3	ALC_U3 演算対象点3	_UNDEFINED_
108	DTL.ALC_U4	ALC_U4 演算対象点4	_UNDEFINED_
108	DTL.ALC_CM	ALC_CM 演算方法	0
108	DTL.ALC_ACM	ALC_ACM 角度算出	1
108	DTL.ALC_CMD	ALC_CMD 補正方向	0
108	DTL.ALC_AU1	ALC_AU1 算出対象点1	103
108	DTL.ALC_AU2	ALC_AU2 算出対象点2	104
108	DTL.ALC_AVE	ALC_AVE 2直線の角度の平均を取る	0
108	DTL.ALC_RCC	ALC_RCC 回転中心位置補正設定	1
108	DTL.ALC_OEN	ALC_OEN 検出点・基準点のオフセット	0
108	DTL.AL_OFX	AL_OFX 移動量オフセットX	0
108	DTL.AL_OFY	AL_OFY 移動量オフセットY	0
108	DTL.AL_OFT	AL_OFT 移動量オフセットθ	0
108	DTL.X:HL	X:HL 移動量X：上限	_UNDEFINED_
108	DTL.X:LL	X:LL 移動量X：下限	_UNDEFINED_
108	DTL.Y:HL	Y:HL 移動量Y：上限	_UNDEFINED_
108	DTL.Y:LL	Y:LL 移動量Y：下限	_UNDEFINED_
108	DTL.T:HL	T:HL 移動量θ：上限	_UNDEFINED_
108	DTL.T:LL	T:LL 移動量θ：下限	_UNDEFINED_
109	U0109	アライメント移動量合算	
109	CMN.ENB	ENB 実行可否	1
109	CMN.CMNT	CMNT コメント	
109	CMN.IIMG	IIMG 画像変数	&Cam1Img
109	DTL.ALA_DP	ALA_DP 移動側	108
109	DTL.ALA_BP	ALA_BP 基準側	99
109	DTL.ALA_AA	ALA_AA 角度算出	1
109	DTL.AL_OFX	AL_OFX オフセットX	#Calc_Offset_XYT[0]
109	DTL.AL_OFY	AL_OFY オフセットY	#Calc_Offset_XYT[1]
109	DTL.AL_OFT	AL_OFT オフセットθ	#Calc_Offset_XYT[2]
109	DTL.X:HL	X:HL 移動量X：上限	_UNDEFINED_
109	DTL.X:LL	X:LL 移動量X：下限	_UNDEFINED_
109	DTL.Y:HL	Y:HL 移動量Y：上限	_UNDEFINED_
109	DTL.Y:LL	Y:LL 移動量Y：下限	_UNDEFINED_
109	DTL.T:HL	T:HL 移動量θ：上限	_UNDEFINED_
109	DTL.T:LL	T:LL 移動量θ：下限	_UNDEFINED_
110	U0110	移動量格納	
110	CMN.ENB	ENB 実行可否	0
110	CMN.CMNT	CMNT コメント	
111	U0111	■status演算	
111	CMN.ENB	ENB 実行可否	0
111	CMN.CMNT	CMNT コメント	
112	U0112	合流	
112	CMN.CMNT	CMNT コメント	
113	U0113	結果出力	
113	CMN.ENB	ENB 実行可否	0
113	CMN.CMNT	CMNT コメント	
114	U0114	エンド	
114	CMN.CMNT	CMNT コメント	
115	U0115	合流	
115	CMN.CMNT	CMNT コメント	
116	U0116	オフセット計算	
116	CMN.ENB	ENB 実行可否	0
116	CMN.CMNT	CMNT コメント	
117	U0117	数値演算	
117	CMN.ENB	ENB 実行可否	0
117	CMN.CMNT	CMNT コメント	
118	U0118	アライメント移動量算出	
118	CMN.ENB	ENB 実行可否	0
118	CMN.CMNT	CMNT コメント	
118	CMN.IIMG	IIMG 画像変数	&Cam1Img
118	DTL.ALC_U1	ALC_U1 演算対象点1	99
118	DTL.ALC_U2	ALC_U2 演算対象点2	106
118	DTL.ALC_U3	ALC_U3 演算対象点3	_UNDEFINED_
118	DTL.ALC_U4	ALC_U4 演算対象点4	_UNDEFINED_
118	DTL.ALC_CM	ALC_CM 演算方法	0
118	DTL.ALC_ACM	ALC_ACM 角度算出	2
118	DTL.ALC_CMD	ALC_CMD 補正方向	0
118	DTL.ALC_ANG	ALC_ANG 角度	0
118	DTL.ALC_RCC	ALC_RCC 回転中心位置補正設定	0
118	DTL.ALC_OEN	ALC_OEN 検出点・基準点のオフセット	0
118	DTL.AL_OFX	AL_OFX 移動量オフセットX	0
118	DTL.AL_OFY	AL_OFY 移動量オフセットY	0
118	DTL.AL_OFT	AL_OFT 移動量オフセットθ	#dT_target
118	DTL.X:HL	X:HL 移動量X：上限	_UNDEFINED_
118	DTL.X:LL	X:LL 移動量X：下限	_UNDEFINED_
118	DTL.Y:HL	Y:HL 移動量Y：上限	_UNDEFINED_
118	DTL.Y:LL	Y:LL 移動量Y：下限	_UNDEFINED_
118	DTL.T:HL	T:HL 移動量θ：上限	_UNDEFINED_
118	DTL.T:LL	T:LL 移動量θ：下限	_UNDEFINED_
119	U0119	カメラ軸基準演算	
119	CMN.ENB	ENB 実行可否	0
119	CMN.CMNT	CMNT コメント	
120	U0120	アライメント移動量算出	
120	CMN.ENB	ENB 実行可否	0
120	CMN.CMNT	CMNT コメント	
120	CMN.IIMG	IIMG 画像変数	&Cam1Img
120	DTL.ALC_U1	ALC_U1 演算対象点1	50
120	DTL.ALC_U2	ALC_U2 演算対象点2	51
120	DTL.ALC_U3	ALC_U3 演算対象点3	_UNDEFINED_
120	DTL.ALC_U4	ALC_U4 演算対象点4	_UNDEFINED_
120	DTL.ALC_CM	ALC_CM 演算方法	0
120	DTL.ALC_ACM	ALC_ACM 角度算出	2
120	DTL.ALC_CMD	ALC_CMD 補正方向	0
120	DTL.ALC_ANG	ALC_ANG 角度	0
120	DTL.ALC_RCC	ALC_RCC 回転中心位置補正設定	0
120	DTL.ALC_OEN	ALC_OEN 検出点・基準点のオフセット	0
120	DTL.AL_OFX	AL_OFX 移動量オフセットX	0
120	DTL.AL_OFY	AL_OFY 移動量オフセットY	0
120	DTL.AL_OFT	AL_OFT 移動量オフセットθ	#Calc_Offset_XYT[2]
120	DTL.X:HL	X:HL 移動量X：上限	_UNDEFINED_
120	DTL.X:LL	X:LL 移動量X：下限	_UNDEFINED_
120	DTL.Y:HL	Y:HL 移動量Y：上限	_UNDEFINED_
120	DTL.Y:LL	Y:LL 移動量Y：下限	_UNDEFINED_
120	DTL.T:HL	T:HL 移動量θ：上限	_UNDEFINED_
120	DTL.T:LL	T:LL 移動量θ：下限	_UNDEFINED_
121	U0121	アライメント移動量算出	
121	CMN.ENB	ENB 実行可否	0
121	CMN.CMNT	CMNT コメント	
121	CMN.IIMG	IIMG 画像変数	&Cam1Img
121	DTL.ALC_U1	ALC_U1 演算対象点1	103
121	DTL.ALC_U2	ALC_U2 演算対象点2	104
121	DTL.ALC_U3	ALC_U3 演算対象点3	_UNDEFINED_
121	DTL.ALC_U4	ALC_U4 演算対象点4	_UNDEFINED_
121	DTL.ALC_CM	ALC_CM 演算方法	0
121	DTL.ALC_ACM	ALC_ACM 角度算出	1
121	DTL.ALC_CMD	ALC_CMD 補正方向	0
121	DTL.ALC_AU1	ALC_AU1 算出対象点1	103
121	DTL.ALC_AU2	ALC_AU2 算出対象点2	104
121	DTL.ALC_AVE	ALC_AVE 2直線の角度の平均を取る	0
121	DTL.ALC_RCC	ALC_RCC 回転中心位置補正設定	1
121	DTL.ALC_OEN	ALC_OEN 検出点・基準点のオフセット	0
121	DTL.AL_OFX	AL_OFX 移動量オフセットX	0
121	DTL.AL_OFY	AL_OFY 移動量オフセットY	0
121	DTL.AL_OFT	AL_OFT 移動量オフセットθ	#dT_target
121	DTL.X:HL	X:HL 移動量X：上限	_UNDEFINED_
121	DTL.X:LL	X:LL 移動量X：下限	_UNDEFINED_
121	DTL.Y:HL	Y:HL 移動量Y：上限	_UNDEFINED_
121	DTL.Y:LL	Y:LL 移動量Y：下限	_UNDEFINED_
121	DTL.T:HL	T:HL 移動量θ：上限	_UNDEFINED_
121	DTL.T:LL	T:LL 移動量θ：下限	_UNDEFINED_
122	U0122	角度演算	
122	CMN.ENB	ENB 実行可否	0
122	CMN.CMNT	CMNT コメント	
123	U0123	数値演算	
123	CMN.ENB	ENB 実行可否	1
123	CMN.CMNT	CMNT コメント	
124	U0124	アライメント移動量算出	
124	CMN.ENB	ENB 実行可否	0
124	CMN.CMNT	CMNT コメント	
124	CMN.IIMG	IIMG 画像変数	&Cam1Img
124	DTL.ALC_U1	ALC_U1 演算対象点1	103
124	DTL.ALC_U2	ALC_U2 演算対象点2	104
124	DTL.ALC_U3	ALC_U3 演算対象点3	_UNDEFINED_
124	DTL.ALC_U4	ALC_U4 演算対象点4	_UNDEFINED_
124	DTL.ALC_CM	ALC_CM 演算方法	0
124	DTL.ALC_ACM	ALC_ACM 角度算出	1
124	DTL.ALC_CMD	ALC_CMD 補正方向	0
124	DTL.ALC_AU1	ALC_AU1 算出対象点1	103
124	DTL.ALC_AU2	ALC_AU2 算出対象点2	104
124	DTL.ALC_AVE	ALC_AVE 2直線の角度の平均を取る	0
124	DTL.ALC_RCC	ALC_RCC 回転中心位置補正設定	1
124	DTL.ALC_OEN	ALC_OEN 検出点・基準点のオフセット	0
124	DTL.AL_OFX	AL_OFX 移動量オフセットX	0
124	DTL.AL_OFY	AL_OFY 移動量オフセットY	0
124	DTL.AL_OFT	AL_OFT 移動量オフセットθ	#dT_target
124	DTL.X:HL	X:HL 移動量X：上限	_UNDEFINED_
124	DTL.X:LL	X:LL 移動量X：下限	_UNDEFINED_
124	DTL.Y:HL	Y:HL 移動量Y：上限	_UNDEFINED_
124	DTL.Y:LL	Y:LL 移動量Y：下限	_UNDEFINED_
124	DTL.T:HL	T:HL 移動量θ：上限	_UNDEFINED_
124	DTL.T:LL	T:LL 移動量θ：下限	_UNDEFINED_
125	U0125	アライメント移動量算出	
125	CMN.ENB	ENB 実行可否	0
125	CMN.CMNT	CMNT コメント	
125	CMN.IIMG	IIMG 画像変数	&Cam1Img
125	DTL.ALC_U1	ALC_U1 演算対象点1	99
125	DTL.ALC_U2	ALC_U2 演算対象点2	106
125	DTL.ALC_U3	ALC_U3 演算対象点3	_UNDEFINED_
125	DTL.ALC_U4	ALC_U4 演算対象点4	_UNDEFINED_
125	DTL.ALC_CM	ALC_CM 演算方法	0
125	DTL.ALC_ACM	ALC_ACM 角度算出	2
125	DTL.ALC_CMD	ALC_CMD 補正方向	0
125	DTL.ALC_ANG	ALC_ANG 角度	0
125	DTL.ALC_RCC	ALC_RCC 回転中心位置補正設定	0
125	DTL.ALC_OEN	ALC_OEN 検出点・基準点のオフセット	0
125	DTL.AL_OFX	AL_OFX 移動量オフセットX	0
125	DTL.AL_OFY	AL_OFY 移動量オフセットY	0
125	DTL.AL_OFT	AL_OFT 移動量オフセットθ	#dT_total
125	DTL.X:HL	X:HL 移動量X：上限	_UNDEFINED_
125	DTL.X:LL	X:LL 移動量X：下限	_UNDEFINED_
125	DTL.Y:HL	Y:HL 移動量Y：上限	_UNDEFINED_
125	DTL.Y:LL	Y:LL 移動量Y：下限	_UNDEFINED_
125	DTL.T:HL	T:HL 移動量θ：上限	_UNDEFINED_
125	DTL.T:LL	T:LL 移動量θ：下限	_UNDEFINED_
126	U0126	オブジェクト用UVW変換	
126	CMN.ENB	ENB 実行可否	0
126	CMN.CMNT	CMNT コメント	
126	CMN.IIMG	IIMG 画像変数	&Cam1Img
126	DTL.ALP_SEL	ALP_SEL 指定方法	0
126	DTL.ALP_GLB	ALP_GLB キャリブレーションデータのスコープ	1
126	DTL.ALP_RNO	ALP_RNO キャリブレーションデータ番号	0
126	DTL.ALP_CAM	ALP_CAM カメラ	0
126	DTL.ALP_BP	ALP_BP 基準位置の扱い	1
126	DTL.ALP_CUTS	ALP_CUTS 対象選択	0
126	DTL.ALP_SP	ALP_SP ステージ位置の補正	0
126	DTL.ALP_CP	ALP_CP カメラ位置の補正	0
126	DTL.ALP_DX	ALP_DX 検出位置X	#zero[0].X
126	DTL.ALP_DY	ALP_DY 検出位置Y	#zero[0].Y
126	DTL.ALP_TEN	ALP_TEN 検出位置θ有効	0
126	DTL.ALP_BPX	ALP_BPX 基準位置X	#zero[1].X
126	DTL.ALP_BPY	ALP_BPY 基準位置Y	#zero[1].Y
127	U0127	ターゲット用UVW変換	
127	CMN.ENB	ENB 実行可否	0
127	CMN.CMNT	CMNT コメント	
127	CMN.IIMG	IIMG 画像変数	&Cam1Img
127	DTL.ALP_SEL	ALP_SEL 指定方法	0
127	DTL.ALP_GLB	ALP_GLB キャリブレーションデータのスコープ	1
127	DTL.ALP_RNO	ALP_RNO キャリブレーションデータ番号	0
127	DTL.ALP_CAM	ALP_CAM カメラ	0
127	DTL.ALP_BP	ALP_BP 基準位置の扱い	1
127	DTL.ALP_CUTS	ALP_CUTS 対象選択	0
127	DTL.ALP_SP	ALP_SP ステージ位置の補正	0
127	DTL.ALP_CP	ALP_CP カメラ位置の補正	0
127	DTL.ALP_DX	ALP_DX 検出位置X	#zero[0].X
127	DTL.ALP_DY	ALP_DY 検出位置Y	#zero[0].Y
127	DTL.ALP_TEN	ALP_TEN 検出位置θ有効	0
127	DTL.ALP_BPX	ALP_BPX 基準位置X	#zero[1].X
127	DTL.ALP_BPY	ALP_BPY 基準位置Y	#zero[1].Y
128	U0128	ターゲット用UVW変換	
128	CMN.ENB	ENB 実行可否	0
128	CMN.CMNT	CMNT コメント	
128	CMN.IIMG	IIMG 画像変数	&Cam1Img
128	DTL.ALC_U1	ALC_U1 演算対象点1	127
128	DTL.ALC_U2	ALC_U2 演算対象点2	_UNDEFINED_
128	DTL.ALC_U3	ALC_U3 演算対象点3	_UNDEFINED_
128	DTL.ALC_U4	ALC_U4 演算対象点4	_UNDEFINED_
128	DTL.ALC_CM	ALC_CM 演算方法	1
128	DTL.ALC_ACM	ALC_ACM 角度算出	2
128	DTL.ALC_CMD	ALC_CMD 補正方向	0
128	DTL.ALC_DP	ALC_DP 指定点	0
128	DTL.ALC_ANG	ALC_ANG 角度	0
128	DTL.ALC_RCC	ALC_RCC 回転中心位置補正設定	0
128	DTL.ALC_OEN	ALC_OEN 検出点・基準点のオフセット	0
128	DTL.AL_OFX	AL_OFX 移動量オフセットX	#dXYT_target[0]
128	DTL.AL_OFY	AL_OFY 移動量オフセットY	#dXYT_target[1]
128	DTL.AL_OFT	AL_OFT 移動量オフセットθ	#dXYT_target[2]
128	DTL.X:HL	X:HL 移動量X：上限	_UNDEFINED_
128	DTL.X:LL	X:LL 移動量X：下限	_UNDEFINED_
128	DTL.Y:HL	Y:HL 移動量Y：上限	_UNDEFINED_
128	DTL.Y:LL	Y:LL 移動量Y：下限	_UNDEFINED_
128	DTL.T:HL	T:HL 移動量θ：上限	_UNDEFINED_
128	DTL.T:LL	T:LL 移動量θ：下限	_UNDEFINED_
129	U0129	カメラ軸基準演算	
129	CMN.ENB	ENB 実行可否	0
129	CMN.CMNT	CMNT コメント	
130	U0130	オブジェクト用UVW変換	
130	CMN.ENB	ENB 実行可否	0
130	CMN.CMNT	CMNT コメント	
130	CMN.IIMG	IIMG 画像変数	&Cam1Img
130	DTL.ALC_U1	ALC_U1 演算対象点1	126
130	DTL.ALC_U2	ALC_U2 演算対象点2	_UNDEFINED_
130	DTL.ALC_U3	ALC_U3 演算対象点3	_UNDEFINED_
130	DTL.ALC_U4	ALC_U4 演算対象点4	_UNDEFINED_
130	DTL.ALC_CM	ALC_CM 演算方法	1
130	DTL.ALC_ACM	ALC_ACM 角度算出	2
130	DTL.ALC_CMD	ALC_CMD 補正方向	0
130	DTL.ALC_DP	ALC_DP 指定点	0
130	DTL.ALC_ANG	ALC_ANG 角度	0
130	DTL.ALC_RCC	ALC_RCC 回転中心位置補正設定	0
130	DTL.ALC_OEN	ALC_OEN 検出点・基準点のオフセット	0
130	DTL.AL_OFX	AL_OFX 移動量オフセットX	#dXYT_object[0]
130	DTL.AL_OFY	AL_OFY 移動量オフセットY	#dXYT_object[1]
130	DTL.AL_OFT	AL_OFT 移動量オフセットθ	#dXYT_object[2]
130	DTL.X:HL	X:HL 移動量X：上限	_UNDEFINED_
130	DTL.X:LL	X:LL 移動量X：下限	_UNDEFINED_
130	DTL.Y:HL	Y:HL 移動量Y：上限	_UNDEFINED_
130	DTL.Y:LL	Y:LL 移動量Y：下限	_UNDEFINED_
130	DTL.T:HL	T:HL 移動量θ：上限	_UNDEFINED_
130	DTL.T:LL	T:LL 移動量θ：下限	_UNDEFINED_
131	U0131	合算用UVW変換	
131	CMN.ENB	ENB 実行可否	0
131	CMN.CMNT	CMNT コメント	
131	CMN.IIMG	IIMG 画像変数	&Cam1Img
131	DTL.ALP_SEL	ALP_SEL 指定方法	0
131	DTL.ALP_GLB	ALP_GLB キャリブレーションデータのスコープ	1
131	DTL.ALP_RNO	ALP_RNO キャリブレーションデータ番号	0
131	DTL.ALP_CAM	ALP_CAM カメラ	0
131	DTL.ALP_BP	ALP_BP 基準位置の扱い	1
131	DTL.ALP_CUTS	ALP_CUTS 対象選択	0
131	DTL.ALP_SP	ALP_SP ステージ位置の補正	0
131	DTL.ALP_CP	ALP_CP カメラ位置の補正	0
131	DTL.ALP_DX	ALP_DX 検出位置X	#zero[0].X
131	DTL.ALP_DY	ALP_DY 検出位置Y	#zero[0].Y
131	DTL.ALP_TEN	ALP_TEN 検出位置θ有効	0
131	DTL.ALP_BPX	ALP_BPX 基準位置X	#zero[1].X
131	DTL.ALP_BPY	ALP_BPY 基準位置Y	#zero[1].Y
132	U0132	合算用UVW変換	
132	CMN.ENB	ENB 実行可否	0
132	CMN.CMNT	CMNT コメント	
132	CMN.IIMG	IIMG 画像変数	&Cam1Img
132	DTL.ALC_U1	ALC_U1 演算対象点1	131
132	DTL.ALC_U2	ALC_U2 演算対象点2	_UNDEFINED_
132	DTL.ALC_U3	ALC_U3 演算対象点3	_UNDEFINED_
132	DTL.ALC_U4	ALC_U4 演算対象点4	_UNDEFINED_
132	DTL.ALC_CM	ALC_CM 演算方法	1
132	DTL.ALC_ACM	ALC_ACM 角度算出	2
132	DTL.ALC_CMD	ALC_CMD 補正方向	0
132	DTL.ALC_DP	ALC_DP 指定点	0
132	DTL.ALC_ANG	ALC_ANG 角度	0
132	DTL.ALC_RCC	ALC_RCC 回転中心位置補正設定	0
132	DTL.ALC_OEN	ALC_OEN 検出点・基準点のオフセット	0
132	DTL.AL_OFX	AL_OFX 移動量オフセットX	#dXYT_Addition[0]
132	DTL.AL_OFY	AL_OFY 移動量オフセットY	#dXYT_Addition[1]
132	DTL.AL_OFT	AL_OFT 移動量オフセットθ	#dXYT_Addition[2]
132	DTL.X:HL	X:HL 移動量X：上限	_UNDEFINED_
132	DTL.X:LL	X:LL 移動量X：下限	_UNDEFINED_
132	DTL.Y:HL	Y:HL 移動量Y：上限	_UNDEFINED_
132	DTL.Y:LL	Y:LL 移動量Y：下限	_UNDEFINED_
132	DTL.T:HL	T:HL 移動量θ：上限	_UNDEFINED_
132	DTL.T:LL	T:LL 移動量θ：下限	_UNDEFINED_
133	U0133	オフセット用UVW変換	
133	CMN.ENB	ENB 実行可否	0
133	CMN.CMNT	CMNT コメント	
133	CMN.IIMG	IIMG 画像変数	&Cam1Img
133	DTL.ALP_SEL	ALP_SEL 指定方法	0
133	DTL.ALP_GLB	ALP_GLB キャリブレーションデータのスコープ	1
133	DTL.ALP_RNO	ALP_RNO キャリブレーションデータ番号	0
133	DTL.ALP_CAM	ALP_CAM カメラ	0
133	DTL.ALP_BP	ALP_BP 基準位置の扱い	1
133	DTL.ALP_CUTS	ALP_CUTS 対象選択	0
133	DTL.ALP_SP	ALP_SP ステージ位置の補正	0
133	DTL.ALP_CP	ALP_CP カメラ位置の補正	0
133	DTL.ALP_DX	ALP_DX 検出位置X	#zero[0].X
133	DTL.ALP_DY	ALP_DY 検出位置Y	#zero[0].Y
133	DTL.ALP_TEN	ALP_TEN 検出位置θ有効	0
133	DTL.ALP_BPX	ALP_BPX 基準位置X	#zero[1].X
133	DTL.ALP_BPY	ALP_BPY 基準位置Y	#zero[1].Y
134	U0134	オフセット用UVW変換	
134	CMN.ENB	ENB 実行可否	0
134	CMN.CMNT	CMNT コメント	
134	CMN.IIMG	IIMG 画像変数	&Cam1Img
134	DTL.ALC_U1	ALC_U1 演算対象点1	133
134	DTL.ALC_U2	ALC_U2 演算対象点2	_UNDEFINED_
134	DTL.ALC_U3	ALC_U3 演算対象点3	_UNDEFINED_
134	DTL.ALC_U4	ALC_U4 演算対象点4	_UNDEFINED_
134	DTL.ALC_CM	ALC_CM 演算方法	1
134	DTL.ALC_ACM	ALC_ACM 角度算出	2
134	DTL.ALC_CMD	ALC_CMD 補正方向	0
134	DTL.ALC_DP	ALC_DP 指定点	0
134	DTL.ALC_ANG	ALC_ANG 角度	0
134	DTL.ALC_RCC	ALC_RCC 回転中心位置補正設定	0
134	DTL.ALC_OEN	ALC_OEN 検出点・基準点のオフセット	0
134	DTL.AL_OFX	AL_OFX 移動量オフセットX	#Calc_Offset_XYT[0]
134	DTL.AL_OFY	AL_OFY 移動量オフセットY	#Calc_Offset_XYT[1]
134	DTL.AL_OFT	AL_OFT 移動量オフセットθ	#Calc_Offset_XYT[2]
134	DTL.X:HL	X:HL 移動量X：上限	_UNDEFINED_
134	DTL.X:LL	X:LL 移動量X：下限	_UNDEFINED_
134	DTL.Y:HL	Y:HL 移動量Y：上限	_UNDEFINED_
134	DTL.Y:LL	Y:LL 移動量Y：下限	_UNDEFINED_
134	DTL.T:HL	T:HL 移動量θ：上限	_UNDEFINED_
134	DTL.T:LL	T:LL 移動量θ：下限	_UNDEFINED_
990	U0990	エンド	
990	CMN.CMNT	CMNT コメント	
991	U0991	撮像パラメータ保存用	
991	CMN.ENB	ENB 実行可否	0
991	CMN.CMNT	CMNT コメント	設定で調整した撮像パラメータを保存用変数へ格納する
992	U0992	撮像パラメータ読出用※個別※	
992	CMN.ENB	ENB 実行可否	0
992	CMN.CMNT	CMNT コメント	設定で調整した撮像パラメータを保存用変数へ格納する
993	U0993	撮像パラメータ読出用※一括※	
993	CMN.ENB	ENB 実行可否	0
993	CMN.CMNT	CMNT コメント	設定で調整した撮像パラメータを保存用変数へ格納する
994	U0994	CC用：指定座標書込み	
994	CMN.ENB	ENB 実行可否	0
994	CMN.CMNT	CMNT コメント	
999	U0999	エンド	
999	CMN.CMNT	CMNT コメント	
